polygon,time,value,spatial_std,n_cells
hex_002_028,2023-01-26,68.78998565673828,13.939103126525879,5
hex_002_028,2023-01-27,76.5999984741211,15.393365859985352,5
hex_002_028,2023-01-28,78.2750015258789,15.9971342086792,5
hex_002_028,2023-01-29,60.459999084472656,13.712751388549805,5
hex_002_028,2023-01-30,133.5750274658203,24.3372745513916,5
hex_002_028,2023-01-31,147.97000122070312,26.810087203979492,5
hex_002_029,2023-01-26,68.69999694824219,6.056097507476807,4
hex_002_029,2023-01-27,76.5999984741211,7.6718339920043945,4
hex_002_029,2023-01-28,78.2750015258789,7.566518306732178,4
hex_002_029,2023-01-29,60.459999084472656,10.401049613952637,4
hex_002_029,2023-01-30,128.94000244140625,7.128865718841553,4
hex_002_029,2023-01-31,143.39999389648438,3.1571435928344727,4
hex_003_027,2023-01-26,75.71499633789062,7.808187484741211,4
hex_003_027,2023-01-27,77.08999633789062,8.208000183105469,4
hex_003_027,2023-01-28,77.46499633789062,8.934880256652832,4
hex_003_027,2023-01-29,59.70499801635742,1.6919242143630981,4
hex_003_027,2023-01-30,132.76998901367188,2.4753992557525635,4
hex_003_027,2023-01-31,146.17501831054688,1.6712509393692017,4
hex_004_024,2023-01-26,64.96000671386719,7.015417575836182,4
hex_004_024,2023-01-27,65.7249984741211,6.503960132598877,4
hex_004_024,2023-01-28,65.78500366210938,6.5023345947265625,4
hex_004_024,2023-01-29,99.92498779296875,12.656221389770508,4
hex_004_024,2023-01-30,162.61497497558594,8.18718147277832,4
hex_004_024,2023-01-31,175.95497131347656,10.347458839416504,4
hex_004_025,2023-01-26,65.24501037597656,7.44708251953125,4
hex_004_025,2023-01-27,65.7249984741211,7.262950897216797,4
hex_004_025,2023-01-28,65.78500366210938,7.2877349853515625,4
hex_004_025,2023-01-29,74.93000030517578,8.115323066711426,4
hex_004_025,2023-01-30,145.75,6.737178325653076,4
hex_004_025,2023-01-31,158.21499633789062,5.635671138763428,4
hex_004_026,2023-01-26,73.63500213623047,10.925538063049316,4
hex_004_026,2023-01-27,73.78500366210938,11.108043670654297,4
hex_004_026,2023-01-28,73.74500274658203,11.12484359741211,4
hex_004_026,2023-01-29,48.899993896484375,1.7206803560256958,4
hex_004_026,2023-01-30,124.04999542236328,2.237610340118408,4
hex_004_026,2023-01-31,137.88999938964844,3.9495232105255127,4
hex_005_022,2023-01-26,68.13999938964844,5.143455982208252,4
hex_005_022,2023-01-27,78.23500061035156,5.488338947296143,4
hex_005_022,2023-01-28,78.28500366210938,4.736081123352051,4
hex_005_022,2023-01-29,116.12999725341797,12.748468399047852,4
hex_005_022,2023-01-30,164.00997924804688,11.364287376403809,4
hex_005_022,2023-01-31,170.0599822998047,10.762898445129395,4
hex_005_023,2023-01-26,50.65499496459961,2.2451860904693604,5
hex_005_023,2023-01-27,56.969993591308594,3.2387938499450684,5
hex_005_023,2023-01-28,58.969993591308594,3.9359829425811768,5
hex_005_023,2023-01-29,103.42001342773438,4.67184591293335,5
hex_005_023,2023-01-30,164.68499755859375,3.549003839492798,5
hex_005_023,2023-01-31,175.95497131347656,5.344560146331787,5
hex_005_024,2023-01-26,69.875,10.037530899047852,5
hex_005_024,2023-01-27,71.94000244140625,10.192654609680176,5
hex_005_024,2023-01-28,72.0,10.16055965423584,5
hex_005_024,2023-01-29,103.42001342773438,12.537810325622559,5
hex_005_024,2023-01-30,164.68499755859375,9.006293296813965,5
hex_005_024,2023-01-31,170.96002197265625,7.408999443054199,5
hex_005_025,2023-01-26,74.6199951171875,12.569886207580566,6
hex_005_025,2023-01-27,76.61499786376953,13.051614761352539,6
hex_005_025,2023-01-28,76.66999816894531,13.052835464477539,6
hex_005_025,2023-01-29,71.09999084472656,8.212104797363281,6
hex_005_025,2023-01-30,141.04498291015625,5.522566318511963,6
hex_005_025,2023-01-31,158.2849884033203,6.739888668060303,6
hex_006_022,2023-01-26,59.75,2.7022740840911865,4
hex_006_022,2023-01-27,79.53500366210938,6.177905559539795,4
hex_006_022,2023-01-28,79.57000732421875,5.611326217651367,4
hex_006_022,2023-01-29,110.44999694824219,3.684866189956665,4
hex_006_022,2023-01-30,169.1400146484375,5.610826015472412,4
hex_006_022,2023-01-31,176.38999938964844,4.283056735992432,4
hex_006_024,2023-01-26,69.875,2.260589122772217,4
hex_006_024,2023-01-27,73.22000122070312,1.5106818675994873,4
hex_006_024,2023-01-28,73.29000091552734,1.3146408796310425,4
hex_006_024,2023-01-29,84.50000762939453,7.131895542144775,4
hex_006_024,2023-01-30,149.30999755859375,5.474546432495117,4
hex_006_024,2023-01-31,156.20001220703125,6.09232759475708,4
hex_006_025,2023-01-26,74.6199951171875,3.0341429710388184,4
hex_006_025,2023-01-27,76.61499786376953,2.63216233253479,4
hex_006_025,2023-01-28,76.66999816894531,2.471560478210449,4
hex_006_025,2023-01-29,70.03999328613281,3.3217272758483887,4
hex_006_025,2023-01-30,139.40499877929688,4.0774617195129395,4
hex_006_025,2023-01-31,147.60000610351562,4.535147666931152,4
hex_007_020,2023-01-26,97.2699966430664,19.7522029876709,4
hex_007_020,2023-01-27,107.8499984741211,19.963642120361328,4
hex_007_020,2023-01-28,108.2449951171875,19.8045654296875,4
hex_007_020,2023-01-29,81.08999633789062,5.0818657875061035,4
hex_007_020,2023-01-30,142.09999084472656,10.747431755065918,4
hex_007_020,2023-01-31,166.51498413085938,10.64602279663086,4
hex_007_021,2023-01-26,64.97499084472656,11.001179695129395,4
hex_007_021,2023-01-27,77.40499877929688,12.16059398651123,4
hex_007_021,2023-01-28,78.94499969482422,12.1405668258667,4
hex_007_021,2023-01-29,93.26000213623047,7.598721504211426,4
hex_007_021,2023-01-30,175.36001586914062,9.797649383544922,4
hex_007_021,2023-01-31,184.5699920654297,6.447977542877197,4
hex_007_022,2023-01-26,53.239990234375,6.88818883895874,4
hex_007_022,2023-01-27,62.67500305175781,7.5063395500183105,4
hex_007_022,2023-01-28,69.22499084472656,9.199914932250977,4
hex_007_022,2023-01-29,93.26000213623047,7.895482540130615,4
hex_007_022,2023-01-30,175.36001586914062,10.58892822265625,4
hex_007_022,2023-01-31,184.5699920654297,6.385534763336182,4
hex_007_023,2023-01-26,90.27999877929688,10.422603607177734,4
hex_007_023,2023-01-27,96.36000061035156,10.007796287536621,4
hex_007_023,2023-01-28,98.8499984741211,8.546703338623047,4
hex_007_023,2023-01-29,82.21000671386719,5.312681674957275,4
hex_007_023,2023-01-30,154.114990234375,6.989688873291016,4
hex_007_023,2023-01-31,163.3249969482422,7.850297451019287,4
hex_007_024,2023-01-26,96.4749984741211,14.157706260681152,4
hex_007_024,2023-01-27,100.25999450683594,13.437703132629395,4
hex_007_024,2023-01-28,102.72999572753906,12.271160125732422,4
hex_007_024,2023-01-29,78.08999633789062,6.721153736114502,4
hex_007_024,2023-01-30,144.67001342773438,8.487506866455078,4
hex_007_024,2023-01-31,145.84498596191406,7.439816474914551,4
hex_007_025,2023-01-26,86.45999908447266,3.9609622955322266,4
hex_007_025,2023-01-27,93.94499969482422,3.6310038566589355,4
hex_007_025,2023-01-28,94.18000030517578,3.427328586578369,4
hex_007_025,2023-01-29,64.30999755859375,3.310765027999878,4
hex_007_025,2023-01-30,122.04998779296875,3.6642003059387207,4
hex_007_025,2023-01-31,126.84999084472656,3.0783627033233643,4
hex_008_019,2023-01-26,63.15999984741211,3.6654229164123535,4
hex_008_019,2023-01-27,81.18000030517578,6.736262321472168,4
hex_008_019,2023-01-28,81.20999908447266,6.581812381744385,4
hex_008_019,2023-01-29,66.5149917602539,3.6825168132781982,4
hex_008_019,2023-01-30,121.60499572753906,9.177204132080078,4
hex_008_019,2023-01-31,162.62998962402344,14.307904243469238,4
hex_008_020,2023-01-26,54.1099967956543,4.041753768920898,5
hex_008_020,2023-01-27,63.63999557495117,1.9587297439575195,5
hex_008_020,2023-01-28,63.84999465942383,1.9779391288757324,5
hex_008_020,2023-01-29,67.37500762939453,4.883889198303223,5
hex_008_020,2023-01-30,145.0900115966797,8.86894702911377,5
hex_008_020,2023-01-31,173.8000030517578,8.360808372497559,5
hex_008_021,2023-01-26,68.18999481201172,8.470032691955566,5
hex_008_021,2023-01-27,83.20499420166016,10.542826652526855,5
hex_008_021,2023-01-28,83.20499420166016,10.183510780334473,5
hex_008_021,2023-01-29,76.6300048828125,3.2092278003692627,5
hex_008_021,2023-01-30,145.0900115966797,9.206210136413574,5
hex_008_021,2023-01-31,173.8000030517578,13.086023330688477,5
hex_008_022,2023-01-26,62.29499816894531,9.843853950500488,5
hex_008_022,2023-01-27,73.8699951171875,10.800658226013184,5
hex_008_022,2023-01-28,73.9949951171875,10.395630836486816,5
hex_008_022,2023-01-29,73.06999969482422,2.5187602043151855,5
hex_008_022,2023-01-30,150.0349884033203,9.66120719909668,5
hex_008_022,2023-01-31,168.7449951171875,10.074456214904785,5
hex_008_023,2023-01-26,70.66499328613281,6.003220558166504,6
hex_008_023,2023-01-27,79.85499572753906,5.356166839599609,6
hex_008_023,2023-01-28,80.1449966430664,4.591910362243652,6
hex_008_023,2023-01-29,79.09500885009766,3.911216974258423,6
hex_008_023,2023-01-30,156.344970703125,11.567235946655273,6
hex_008_023,2023-01-31,169.12997436523438,9.645191192626953,6
hex_008_024,2023-01-26,90.27999877929688,9.242323875427246,5
hex_008_024,2023-01-27,96.36000061035156,7.8286213874816895,5
hex_008_024,2023-01-28,98.8499984741211,8.553359031677246,5
hex_008_024,2023-01-29,73.9699935913086,3.282806396484375,5
hex_008_024,2023-01-30,146.16998291015625,5.946038246154785,5
hex_008_024,2023-01-31,160.58999633789062,7.873127460479736,5
hex_008_025,2023-01-26,86.45999908447266,9.848472595214844,5
hex_008_025,2023-01-27,94.04000091552734,5.934628009796143,5
hex_008_025,2023-01-28,94.55999755859375,5.986851692199707,5
hex_008_025,2023-01-29,75.03999328613281,6.478091716766357,5
hex_008_025,2023-01-30,131.23500061035156,6.010061264038086,5
hex_008_025,2023-01-31,141.27999877929688,5.964775085449219,5
hex_009_017,2023-01-26,76.53499603271484,2.9357194900512695,4
hex_009_017,2023-01-27,90.34000396728516,2.167027473449707,4
hex_009_017,2023-01-28,90.70500183105469,2.1552135944366455,4
hex_009_017,2023-01-29,90.77999877929688,7.72361946105957,4
hex_009_017,2023-01-30,124.13999938964844,12.911693572998047,4
hex_009_017,2023-01-31,165.09500122070312,13.553847312927246,4
hex_009_018,2023-01-26,77.40999603271484,8.004929542541504,4
hex_009_018,2023-01-27,86.8449935913086,5.51946496963501,4
hex_009_018,2023-01-28,86.92499542236328,5.49075984954834,4
hex_009_018,2023-01-29,87.2449951171875,10.073058128356934,4
hex_009_018,2023-01-30,131.375,9.605022430419922,4
hex_009_018,2023-01-31,179.3599853515625,13.690998077392578,4
hex_009_019,2023-01-26,57.019996643066406,11.439422607421875,4
hex_009_019,2023-01-27,80.33499145507812,8.395132064819336,4
hex_009_019,2023-01-28,80.90499114990234,8.437606811523438,4
hex_009_019,2023-01-29,95.61000061035156,8.428141593933105,4
hex_009_019,2023-01-30,140.135009765625,3.503694772720337,4
hex_009_019,2023-01-31,185.5399932861328,6.457136154174805,4
hex_009_020,2023-01-26,58.98499298095703,5.499210357666016,4
hex_009_020,2023-01-27,80.33499145507812,7.805614471435547,4
hex_009_020,2023-01-28,80.90499114990234,7.933367729187012,4
hex_009_020,2023-01-29,91.07501220703125,10.180596351623535,4
hex_009_020,2023-01-30,148.22500610351562,4.83826208114624,4
hex_009_020,2023-01-31,187.9049835205078,8.258615493774414,4
hex_009_021,2023-01-26,68.18999481201172,3.727944850921631,4
hex_009_021,2023-01-27,89.0,5.796833515167236,4
hex_009_021,2023-01-28,89.16999816894531,5.856163024902344,4
hex_009_021,2023-01-29,81.54000854492188,5.993574142456055,4
hex_009_021,2023-01-30,130.19000244140625,4.679233551025391,4
hex_009_021,2023-01-31,162.31500244140625,10.476574897766113,4
hex_009_022,2023-01-26,72.78498840332031,5.197418212890625,4
hex_009_022,2023-01-27,90.56998443603516,6.89733362197876,4
hex_009_022,2023-01-28,90.5849838256836,6.898177146911621,4
hex_009_022,2023-01-29,78.62498474121094,4.398779392242432,4
hex_009_022,2023-01-30,128.78997802734375,4.5902252197265625,4
hex_009_022,2023-01-31,151.33998107910156,5.664594650268555,4
hex_009_023,2023-01-26,68.11499786376953,4.6084513664245605,4
hex_009_023,2023-01-27,82.4949951171875,3.802800178527832,4
hex_009_023,2023-01-28,82.65499877929688,3.8388431072235107,4
hex_009_023,2023-01-29,89.4850082397461,7.2688164710998535,4
hex_009_023,2023-01-30,133.47500610351562,1.513589859008789,4
hex_009_023,2023-01-31,150.364990234375,4.658278465270996,4
hex_010_000,2023-01-26,14.754999160766602,1.0174999237060547,2
hex_010_000,2023-01-27,50.0,0.5825004577636719,2
hex_010_000,2023-01-28,56.284996032714844,2.0,2
hex_010_000,2023-01-29,47.849998474121094,2.997499465942383,2
hex_010_000,2023-01-30,12.585000991821289,0.9825005531311035,2
hex_010_000,2023-01-31,30.60999870300293,2.894998550415039,2
hex_010_016,2023-01-26,58.179996490478516,4.017392635345459,4
hex_010_016,2023-01-27,110.56500244140625,5.245988368988037,4
hex_010_016,2023-01-28,112.3550033569336,5.120075702667236,4
hex_010_016,2023-01-29,116.95999908447266,5.226741313934326,4
hex_010_016,2023-01-30,92.61500549316406,2.8496720790863037,4
hex_010_016,2023-01-31,136.3199920654297,5.663342475891113,4
hex_010_018,2023-01-26,54.095001220703125,6.320528507232666,4
hex_010_018,2023-01-27,87.30500793457031,7.310067653656006,4
hex_010_018,2023-01-28,113.74000549316406,15.551361083984375,4
hex_010_018,2023-01-29,138.61500549316406,14.477510452270508,4
hex_010_018,2023-01-30,137.02499389648438,4.5751848220825195,4
hex_010_018,2023-01-31,168.95999145507812,8.315260887145996,4
hex_010_019,2023-01-26,49.875,8.992234230041504,4
hex_010_019,2023-01-27,78.2249984741211,8.03535270690918,4
hex_010_019,2023-01-28,80.01499938964844,8.67884635925293,4
hex_010_019,2023-01-29,117.37998962402344,7.8666558265686035,4
hex_010_019,2023-01-30,136.04000854492188,4.035497665405273,4
hex_010_019,2023-01-31,181.59999084472656,2.7754476070404053,4
hex_010_020,2023-01-26,31.844999313354492,1.6389644145965576,4
hex_010_020,2023-01-27,68.30000305175781,4.1244707107543945,4
hex_010_020,2023-01-28,70.1550064086914,4.479480743408203,4
hex_010_020,2023-01-29,105.67499542236328,4.101516246795654,4
hex_010_020,2023-01-30,138.39498901367188,5.321814060211182,4
hex_010_020,2023-01-31,194.01498413085938,5.681246757507324,4
hex_010_021,2023-01-26,39.92499923706055,2.3467366695404053,4
hex_010_021,2023-01-27,70.39500427246094,1.0233142375946045,4
hex_010_021,2023-01-28,70.44000244140625,0.9831886887550354,4
hex_010_021,2023-01-29,97.7550048828125,2.719515800476074,4
hex_010_021,2023-01-30,138.60498046875,4.433267593383789,4
hex_010_021,2023-01-31,186.63998413085938,6.194789409637451,4
hex_010_022,2023-01-26,52.525001525878906,7.443220615386963,4
hex_010_022,2023-01-27,97.00000762939453,12.218002319335938,4
hex_010_022,2023-01-28,97.07500457763672,12.194210052490234,4
hex_010_022,2023-01-29,99.3800048828125,3.6533443927764893,4
hex_010_022,2023-01-30,131.74497985839844,2.41471266746521,4
hex_010_022,2023-01-31,186.04998779296875,6.585975646972656,4
hex_010_023,2023-01-26,52.90998840332031,5.587777137756348,4
hex_010_023,2023-01-27,99.77498626708984,14.145990371704102,4
hex_010_023,2023-01-28,99.77498626708984,14.147156715393066,4
hex_010_023,2023-01-29,108.15499877929688,10.817551612854004,4
hex_010_023,2023-01-30,120.33999633789062,3.2616078853607178,4
hex_010_023,2023-01-31,165.2349853515625,9.755623817443848,4
hex_011_014,2023-01-26,52.790000915527344,5.211545944213867,4
hex_011_014,2023-01-27,152.4499969482422,14.674381256103516,4
hex_011_014,2023-01-28,153.09999084472656,14.058842658996582,4
hex_011_014,2023-01-29,188.11500549316406,19.016862869262695,4
hex_011_014,2023-01-30,103.97500610351562,6.009573459625244,4
hex_011_014,2023-01-31,139.38999938964844,8.412601470947266,4
hex_011_015,2023-01-26,54.1349983215332,4.672342300415039,5
hex_011_015,2023-01-27,154.80499267578125,16.034282684326172,5
hex_011_015,2023-01-28,155.0699920654297,15.46437931060791,5
hex_011_015,2023-01-29,192.1800079345703,27.636024475097656,5
hex_011_015,2023-01-30,107.989990234375,7.017292022705078,5
hex_011_015,2023-01-31,148.58497619628906,4.742611885070801,5
hex_011_017,2023-01-26,44.67499923706055,2.2473676204681396,5
hex_011_017,2023-01-27,130.30499267578125,16.217554092407227,5
hex_011_017,2023-01-28,130.8199920654297,11.723466873168945,5
hex_011_017,2023-01-29,159.1199951171875,11.751542091369629,5
hex_011_017,2023-01-30,125.51500701904297,5.094059467315674,5
hex_011_017,2023-01-31,173.29000854492188,8.325531005859375,5
hex_011_018,2023-01-26,44.67499923706055,2.831638813018799,5
hex_011_018,2023-01-27,116.44000244140625,10.466803550720215,5
hex_011_018,2023-01-28,116.63999938964844,7.627130031585693,5
hex_011_018,2023-01-29,143.91500854492188,10.055431365966797,5
hex_011_018,2023-01-30,137.02499389648438,9.933714866638184,5
hex_011_018,2023-01-31,180.01998901367188,9.855060577392578,5
hex_011_019,2023-01-26,42.779998779296875,5.1158623695373535,5
hex_011_019,2023-01-27,97.43498229980469,10.434785842895508,5
hex_011_019,2023-01-28,98.99497985839844,10.54615592956543,5
hex_011_019,2023-01-29,127.21998596191406,10.979803085327148,5
hex_011_019,2023-01-30,142.9399871826172,12.616137504577637,5
hex_011_019,2023-01-31,205.2849884033203,12.850395202636719,5
hex_011_021,2023-01-26,44.769996643066406,4.840100288391113,5
hex_011_021,2023-01-27,77.13999938964844,3.0602760314941406,5
hex_011_021,2023-01-28,77.13999938964844,3.034109354019165,5
hex_011_021,2023-01-29,97.7550048828125,3.6940455436706543,5
hex_011_021,2023-01-30,127.67500305175781,1.960697889328003,5
hex_011_021,2023-01-31,203.58998107910156,6.086033344268799,5
hex_011_022,2023-01-26,52.90998840332031,9.58284854888916,5
hex_011_022,2023-01-27,99.77498626708984,15.293764114379883,5
hex_011_022,2023-01-28,99.77498626708984,15.282437324523926,5
hex_011_022,2023-01-29,103.04499816894531,5.322953701019287,5
hex_011_022,2023-01-30,125.74500274658203,4.8198161125183105,5
hex_011_022,2023-01-31,222.85000610351562,21.093881607055664,5
hex_012_000,2023-01-26,5.87999963760376,0.21500015258789062,2
hex_012_000,2023-01-27,64.375,4.435009002685547,2
hex_012_000,2023-01-28,67.875,4.830009460449219,2
hex_012_000,2023-01-29,69.81000518798828,6.68751335144043,2
hex_012_000,2023-01-30,11.885000228881836,1.4975004196166992,2
hex_012_000,2023-01-31,23.934999465942383,1.2575006484985352,2
hex_012_013,2023-01-26,37.375,3.350088119506836,5
hex_012_013,2023-01-27,169.9849853515625,9.650394439697266,5
hex_012_013,2023-01-28,171.2749786376953,10.108638763427734,5
hex_012_013,2023-01-29,193.97998046875,5.116292953491211,5
hex_012_013,2023-01-30,90.88499450683594,8.683308601379395,5
hex_012_013,2023-01-31,131.62997436523438,4.904963970184326,5
hex_012_014,2023-01-26,42.959999084472656,2.8078465461730957,4
hex_012_014,2023-01-27,158.80999755859375,2.464085102081299,4
hex_012_014,2023-01-28,166.2799835205078,4.847453594207764,4
hex_012_014,2023-01-29,190.16998291015625,1.170159101486206,4
hex_012_014,2023-01-30,98.68000030517578,5.019495964050293,4
hex_012_014,2023-01-31,137.75498962402344,5.218875885009766,4
hex_012_015,2023-01-26,45.03000259399414,1.6150709390640259,5
hex_012_015,2023-01-27,157.7799835205078,6.317821025848389,5
hex_012_015,2023-01-28,166.2799835205078,8.04604721069336,5
hex_012_015,2023-01-29,192.1800079345703,4.584832191467285,5
hex_012_015,2023-01-30,109.58500671386719,5.425889015197754,5
hex_012_015,2023-01-31,160.33001708984375,8.964180946350098,5
hex_012_016,2023-01-26,44.474998474121094,2.624188184738159,4
hex_012_016,2023-01-27,150.4550018310547,5.699532508850098,4
hex_012_016,2023-01-28,150.61500549316406,5.50054407119751,4
hex_012_016,2023-01-29,182.85000610351562,6.818421840667725,4
hex_012_016,2023-01-30,110.43000793457031,1.1360276937484741,4
hex_012_016,2023-01-31,170.72500610351562,7.940234184265137,4
hex_012_017,2023-01-26,44.564998626708984,4.19935417175293,5
hex_012_017,2023-01-27,136.89498901367188,5.321117877960205,5
hex_012_017,2023-01-28,144.77000427246094,7.919071674346924,5
hex_012_017,2023-01-29,185.27500915527344,11.21176528930664,5
hex_012_017,2023-01-30,122.1400146484375,4.852998733520508,5
hex_012_017,2023-01-31,185.0150146484375,5.2835259437561035,5
hex_012_018,2023-01-26,45.144996643066406,3.5387566089630127,5
hex_012_018,2023-01-27,130.30499267578125,8.884803771972656,5
hex_012_018,2023-01-28,130.8199920654297,8.241455078125,5
hex_012_018,2023-01-29,159.5699920654297,6.965707302093506,5
hex_012_018,2023-01-30,129.62498474121094,6.2533440589904785,5
hex_012_018,2023-01-31,186.32998657226562,6.424501895904541,5
hex_013_000,2023-01-26,9.594999313354492,1.0327481031417847,4
hex_013_000,2023-01-27,78.47001647949219,1.565467119216919,4
hex_013_000,2023-01-28,83.67498779296875,2.0088937282562256,4
hex_013_000,2023-01-29,86.30998992919922,3.7837884426116943,4
hex_013_000,2023-01-30,17.950000762939453,1.8012129068374634,4
hex_013_000,2023-01-31,28.309999465942383,3.6217896938323975,4
hex_013_001,2023-01-26,10.489999771118164,0.5885298252105713,4
hex_013_001,2023-01-27,79.4649887084961,2.0126473903656006,4
hex_013_001,2023-01-28,86.41499328613281,3.210578441619873,4
hex_013_001,2023-01-29,80.55499267578125,2.43168306350708,4
hex_013_001,2023-01-30,14.070000648498535,1.2048360109329224,4
hex_013_001,2023-01-31,26.095001220703125,3.2828996181488037,4
hex_013_002,2023-01-26,12.370000839233398,0.73735511302948,4
hex_013_002,2023-01-27,77.22999572753906,1.2787177562713623,4
hex_013_002,2023-01-28,84.55000305175781,2.0562567710876465,4
hex_013_002,2023-01-29,78.29000854492188,2.9767796993255615,4
hex_013_002,2023-01-30,17.470001220703125,3.5399675369262695,4
hex_013_002,2023-01-31,25.03499984741211,3.417287588119507,4
hex_013_003,2023-01-26,12.55000114440918,0.8406884670257568,4
hex_013_003,2023-01-27,83.26000213623047,3.7079780101776123,4
hex_013_003,2023-01-28,90.125,4.412276744842529,4
hex_013_003,2023-01-29,85.8800048828125,5.797888278961182,4
hex_013_003,2023-01-30,19.389999389648438,4.3289031982421875,4
hex_013_003,2023-01-31,28.91999626159668,4.74077033996582,4
hex_013_005,2023-01-26,16.28499984741211,1.9490584135055542,4
hex_013_005,2023-01-27,103.989990234375,6.9526543617248535,4
hex_013_005,2023-01-28,114.33499145507812,8.654067993164062,4
hex_013_005,2023-01-29,120.88497161865234,10.631388664245605,4
hex_013_005,2023-01-30,40.88500213623047,7.5359907150268555,4
hex_013_005,2023-01-31,51.63499450683594,4.912771701812744,4
hex_013_010,2023-01-26,43.529998779296875,4.548126697540283,4
hex_013_010,2023-01-27,169.2550048828125,10.531289100646973,4
hex_013_010,2023-01-28,175.89500427246094,12.08849048614502,4
hex_013_010,2023-01-29,183.1649932861328,10.750048637390137,4
hex_013_010,2023-01-30,67.81999206542969,6.287952899932861,4
hex_013_010,2023-01-31,112.65998840332031,9.249669075012207,4
hex_013_011,2023-01-26,35.08500289916992,2.645470380783081,4
hex_013_011,2023-01-27,172.51499938964844,4.825184345245361,4
hex_013_011,2023-01-28,176.7949981689453,3.518319606781006,4
hex_013_011,2023-01-29,193.625,4.457582473754883,4
hex_013_011,2023-01-30,66.82999420166016,1.3001775741577148,4
hex_013_011,2023-01-31,118.81500244140625,3.1354756355285645,4
hex_013_013,2023-01-26,44.07499694824219,2.799614667892456,4
hex_013_013,2023-01-27,175.25001525878906,4.408046722412109,4
hex_013_013,2023-01-28,185.34999084472656,8.269556999206543,4
hex_013_013,2023-01-29,199.04498291015625,14.037906646728516,4
hex_013_013,2023-01-30,87.66999816894531,10.59419059753418,4
hex_013_013,2023-01-31,131.62997436523438,5.089817523956299,4
hex_013_014,2023-01-26,44.72500228881836,2.427048683166504,4
hex_013_014,2023-01-27,163.38999938964844,6.929238796234131,4
hex_013_014,2023-01-28,165.30999755859375,6.498527526855469,4
hex_013_014,2023-01-29,189.34999084472656,6.735201835632324,4
hex_013_014,2023-01-30,97.489990234375,7.4341349601745605,4
hex_013_014,2023-01-31,159.19000244140625,8.509946823120117,4
hex_013_016,2023-01-26,53.59000778198242,3.9453485012054443,4
hex_013_016,2023-01-27,156.48501586914062,8.12705135345459,4
hex_013_016,2023-01-28,157.49002075195312,4.6325364112854,4
hex_013_016,2023-01-29,185.27500915527344,4.0189642906188965,4
hex_013_016,2023-01-30,122.1400146484375,11.741165161132812,4
hex_013_016,2023-01-31,177.11502075195312,7.108702182769775,4
hex_013_017,2023-01-26,53.59000778198242,4.275779724121094,4
hex_013_017,2023-01-27,151.0050048828125,7.742593765258789,4
hex_013_017,2023-01-28,152.52999877929688,5.404529571533203,4
hex_013_017,2023-01-29,185.27500915527344,5.919901371002197,4
hex_013_017,2023-01-30,125.90999603271484,10.086824417114258,4
hex_013_017,2023-01-31,177.11502075195312,9.753796577453613,4
hex_014_000,2023-01-26,16.78499984741211,6.174999713897705,2
hex_014_000,2023-01-27,79.29999542236328,4.549999237060547,2
hex_014_000,2023-01-28,94.77499389648438,6.9850006103515625,2
hex_014_000,2023-01-29,99.47499084472656,7.692497253417969,2
hex_014_000,2023-01-30,30.1199951171875,5.712497711181641,2
hex_014_000,2023-01-31,17.529998779296875,0.7450008392333984,2
hex_014_001,2023-01-26,9.8149995803833,2.2569010257720947,5
hex_014_001,2023-01-27,83.85499572753906,5.515870094299316,5
hex_014_001,2023-01-28,106.57499694824219,9.909231185913086,5
hex_014_001,2023-01-29,107.51499938964844,9.814444541931152,5
hex_014_001,2023-01-30,30.869998931884766,5.694125652313232,5
hex_014_001,2023-01-31,19.3700008392334,1.3954848051071167,5
hex_014_002,2023-01-26,11.364999771118164,1.497456431388855,5
hex_014_002,2023-01-27,93.70499420166016,5.861909866333008,5
hex_014_002,2023-01-28,118.1199951171875,13.439223289489746,5
hex_014_002,2023-01-29,117.88998413085938,16.36620330810547,5
hex_014_002,2023-01-30,34.68499755859375,9.208454132080078,5
hex_014_002,2023-01-31,19.96000099182129,1.2741879224777222,5
hex_014_003,2023-01-26,11.0,1.4792180061340332,5
hex_014_003,2023-01-27,88.78499603271484,5.782105922698975,5
hex_014_003,2023-01-28,101.48497009277344,6.274845123291016,5
hex_014_003,2023-01-29,104.18498992919922,9.465558052062988,5
hex_014_003,2023-01-30,35.089996337890625,5.792685031890869,5
hex_014_003,2023-01-31,28.314998626708984,4.393442153930664,5
hex_014_004,2023-01-26,12.504999160766602,0.9072340130805969,5
hex_014_004,2023-01-27,94.54499053955078,2.91031551361084,5
hex_014_004,2023-01-28,107.72998809814453,3.7427127361297607,5
hex_014_004,2023-01-29,111.89998626708984,5.61387300491333,5
hex_014_004,2023-01-30,35.85000228881836,4.151585102081299,5
hex_014_004,2023-01-31,34.344993591308594,2.7243921756744385,5
hex_014_005,2023-01-26,12.875,1.011605978012085,5
hex_014_005,2023-01-27,102.21998596191406,6.101545810699463,5
hex_014_005,2023-01-28,119.3849868774414,6.38367223739624,5
hex_014_005,2023-01-29,128.88497924804688,6.053722381591797,5
hex_014_005,2023-01-30,45.314998626708984,4.779265403747559,5
hex_014_005,2023-01-31,45.209991455078125,3.4331092834472656,5
hex_014_007,2023-01-26,33.375,4.282234191894531,4
hex_014_007,2023-01-27,124.55500793457031,6.041593551635742,4
hex_014_007,2023-01-28,157.614990234375,8.87710952758789,4
hex_014_007,2023-01-29,164.75,8.104057312011719,4
hex_014_007,2023-01-30,74.30998992919922,5.941523551940918,4
hex_014_007,2023-01-31,72.73500061035156,5.065208911895752,4
hex_014_008,2023-01-26,33.73500061035156,4.522947788238525,5
hex_014_008,2023-01-27,139.22999572753906,5.277526378631592,5
hex_014_008,2023-01-28,170.0749969482422,4.266331195831299,5
hex_014_008,2023-01-29,182.0550079345703,5.820150375366211,5
hex_014_008,2023-01-30,88.17500305175781,5.253917694091797,5
hex_014_008,2023-01-31,85.239990234375,5.7678399085998535,5
hex_014_009,2023-01-26,36.744998931884766,1.5478477478027344,4
hex_014_009,2023-01-27,150.23500061035156,5.658635139465332,4
hex_014_009,2023-01-28,175.27499389648438,1.9052610397338867,4
hex_014_009,2023-01-29,188.88999938964844,8.257366180419922,4
hex_014_009,2023-01-30,99.38500213623047,11.763988494873047,4
hex_014_009,2023-01-31,96.28999328613281,3.934699773788452,4
hex_014_010,2023-01-26,40.30999755859375,4.703261375427246,5
hex_014_010,2023-01-27,161.32997131347656,6.98659610748291,5
hex_014_010,2023-01-28,175.5899658203125,6.075821876525879,5
hex_014_010,2023-01-29,191.48001098632812,8.356046676635742,5
hex_014_010,2023-01-30,87.68000793457031,10.260764122009277,5
hex_014_010,2023-01-31,104.88999938964844,3.8077919483184814,5
hex_014_011,2023-01-26,30.77499771118164,1.155518651008606,5
hex_014_011,2023-01-27,159.3599853515625,7.467982769012451,5
hex_014_011,2023-01-28,166.844970703125,4.364952087402344,5
hex_014_011,2023-01-29,182.50497436523438,4.056332588195801,5
hex_014_011,2023-01-30,79.7249984741211,6.567322731018066,5
hex_014_011,2023-01-31,118.81500244140625,5.942049980163574,5
hex_014_012,2023-01-26,38.2599983215332,3.103297472000122,5
hex_014_012,2023-01-27,163.2849884033203,7.4753875732421875,5
hex_014_012,2023-01-28,171.9399871826172,4.5180439949035645,5
hex_014_012,2023-01-29,188.97500610351562,4.476597309112549,5
hex_014_012,2023-01-30,81.91499328613281,6.474843978881836,5
hex_014_012,2023-01-31,113.125,1.34273099899292,5
hex_014_013,2023-01-26,43.28999328613281,3.36997127532959,5
hex_014_013,2023-01-27,175.25001525878906,7.966221332550049,5
hex_014_013,2023-01-28,180.08001708984375,5.705590724945068,5
hex_014_013,2023-01-29,183.3900146484375,1.816084861755371,5
hex_014_013,2023-01-30,84.56500244140625,7.0434370040893555,5
hex_014_013,2023-01-31,121.39999389648438,2.7378082275390625,5
hex_015_000,2023-01-26,16.78499984741211,3.609029769897461,5
hex_015_000,2023-01-27,85.45001220703125,11.78958797454834,5
hex_015_000,2023-01-28,109.41000366210938,10.830546379089355,5
hex_015_000,2023-01-29,111.50000762939453,10.623040199279785,5
hex_015_000,2023-01-30,40.97999954223633,4.482414245605469,5
hex_015_000,2023-01-31,19.915000915527344,1.5306059122085571,5
hex_015_001,2023-01-26,14.71500015258789,2.1408674716949463,5
hex_015_001,2023-01-27,95.02001190185547,7.323749542236328,5
hex_015_001,2023-01-28,129.4600067138672,6.828001022338867,5
hex_015_001,2023-01-29,130.7050018310547,6.227401256561279,5
hex_015_001,2023-01-30,54.06999969482422,7.605123043060303,5
hex_015_001,2023-01-31,27.825000762939453,3.51857852935791,5
hex_015_002,2023-01-26,12.614999771118164,2.0767033100128174,5
hex_015_002,2023-01-27,89.760009765625,6.4472880363464355,5
hex_015_002,2023-01-28,122.10499572753906,8.293285369873047,5
hex_015_002,2023-01-29,122.72999572753906,7.1998677253723145,5
hex_015_002,2023-01-30,59.36000061035156,9.93754768371582,5
hex_015_002,2023-01-31,30.44499969482422,4.1133880615234375,5
hex_015_003,2023-01-26,9.71500015258789,0.8850616812705994,5
hex_015_003,2023-01-27,86.33999633789062,6.489205360412598,5
hex_015_003,2023-01-28,112.37999725341797,4.73222017288208,5
hex_015_003,2023-01-29,119.91500091552734,5.725061416625977,5
hex_015_003,2023-01-30,57.65500259399414,10.320101737976074,5
hex_015_003,2023-01-31,34.53999328613281,2.6027190685272217,5
hex_015_004,2023-01-26,11.600000381469727,1.450629711151123,5
hex_015_004,2023-01-27,92.12498474121094,4.131646156311035,5
hex_015_004,2023-01-28,108.64997863769531,3.9787402153015137,5
hex_015_004,2023-01-29,118.08998107910156,3.721198320388794,5
hex_015_004,2023-01-30,42.714996337890625,3.2763924598693848,5
hex_015_004,2023-01-31,38.21500015258789,2.7322633266448975,5
hex_015_005,2023-01-26,15.330000877380371,2.2843754291534424,5
hex_015_005,2023-01-27,86.08500671386719,1.5607259273529053,5
hex_015_005,2023-01-28,110.79499816894531,4.660533428192139,5
hex_015_005,2023-01-29,123.2750015258789,5.680939674377441,5
hex_015_005,2023-01-30,59.85499954223633,7.647765159606934,5
hex_015_005,2023-01-31,51.225006103515625,5.165381908416748,5
hex_015_006,2023-01-26,28.204998016357422,5.66668176651001,5
hex_015_006,2023-01-27,110.35498809814453,9.148540496826172,5
hex_015_006,2023-01-28,134.97499084472656,9.198925971984863,5
hex_015_006,2023-01-29,144.13497924804688,8.28573989868164,5
hex_015_006,2023-01-30,68.73999786376953,4.214413166046143,5
hex_015_006,2023-01-31,63.084999084472656,5.3410539627075195,5
hex_015_007,2023-01-26,33.73500061035156,1.7628512382507324,5
hex_015_007,2023-01-27,131.19500732421875,14.251749992370605,5
hex_015_007,2023-01-28,161.6549835205078,16.31331443786621,5
hex_015_007,2023-01-29,176.41998291015625,16.69213104248047,5
hex_015_007,2023-01-30,88.17500305175781,5.529848098754883,5
hex_015_007,2023-01-31,84.9000015258789,5.091000080108643,5
hex_015_008,2023-01-26,35.19999694824219,2.8066916465759277,4
hex_015_008,2023-01-27,137.0850067138672,11.83923625946045,4
hex_015_008,2023-01-28,175.27499389648438,13.719254493713379,4
hex_015_008,2023-01-29,188.88999938964844,14.36371898651123,4
hex_015_008,2023-01-30,97.87499237060547,5.989908695220947,4
hex_015_008,2023-01-31,90.97999572753906,5.941699028015137,4
hex_015_009,2023-01-26,32.67500305175781,1.5915963649749756,5
hex_015_009,2023-01-27,147.72000122070312,12.50886058807373,5
hex_015_009,2023-01-28,175.4650115966797,6.675052642822266,5
hex_015_009,2023-01-29,191.48001098632812,7.075880527496338,5
hex_015_009,2023-01-30,103.78498840332031,5.721532821655273,5
hex_015_009,2023-01-31,99.99500274658203,5.188965320587158,5
hex_015_010,2023-01-26,35.964996337890625,2.6321115493774414,5
hex_015_010,2023-01-27,139.5399932861328,4.806561470031738,5
hex_015_010,2023-01-28,174.23500061035156,5.17276668548584,5
hex_015_010,2023-01-29,190.9199981689453,6.966999053955078,5
hex_015_010,2023-01-30,107.20499420166016,9.72408390045166,5
hex_015_010,2023-01-31,106.41498565673828,3.256887912750244,5
hex_015_011,2023-01-26,35.964996337890625,1.9201053380966187,5
hex_015_011,2023-01-27,147.77500915527344,3.7794411182403564,5
hex_015_011,2023-01-28,173.489990234375,6.402309894561768,5
hex_015_011,2023-01-29,184.0099639892578,5.64151668548584,5
hex_015_011,2023-01-30,97.0099868774414,6.485805034637451,5
hex_015_011,2023-01-31,110.58499145507812,5.172393798828125,5
hex_015_012,2023-01-26,39.60499954223633,1.703735113143921,5
hex_015_012,2023-01-27,148.3400115966797,1.6450613737106323,5
hex_015_012,2023-01-28,174.24502563476562,4.395206451416016,5
hex_015_012,2023-01-29,184.4949951171875,3.3120718002319336,5
hex_015_012,2023-01-30,91.08999633789062,3.4416110515594482,5
hex_015_012,2023-01-31,123.52999114990234,7.741858005523682,5
hex_015_013,2023-01-26,42.12999725341797,2.3564987182617188,5
hex_015_013,2023-01-27,162.19497680664062,6.149336338043213,5
hex_015_013,2023-01-28,186.48497009277344,9.176712036132812,5
hex_015_013,2023-01-29,199.20997619628906,9.2463960647583,5
hex_015_013,2023-01-30,90.64998626708984,4.563420295715332,5
hex_015_013,2023-01-31,123.52999114990234,6.929327964782715,5
hex_016_000,2023-01-26,10.744999885559082,0.8299994468688965,2
hex_016_000,2023-01-27,82.22500610351562,14.507499694824219,2
hex_016_000,2023-01-28,110.27000427246094,15.794998168945312,2
hex_016_000,2023-01-29,110.8550033569336,14.977500915527344,2
hex_016_000,2023-01-30,39.689998626708984,1.3074989318847656,2
hex_016_000,2023-01-31,18.43499755859375,0.39499855041503906,2
hex_016_001,2023-01-26,13.545000076293945,1.3328371047973633,4
hex_016_001,2023-01-27,87.78999328613281,8.1019868850708,4
hex_016_001,2023-01-28,117.94500732421875,7.922811031341553,4
hex_016_001,2023-01-29,118.17499542236328,8.13945198059082,4
hex_016_001,2023-01-30,51.14500045776367,4.208158016204834,4
hex_016_001,2023-01-31,27.825000762939453,3.2464566230773926,4
hex_016_002,2023-01-26,14.494999885559082,1.296858310699463,4
hex_016_002,2023-01-27,87.78999328613281,4.430610656738281,4
hex_016_002,2023-01-28,123.6199951171875,3.3975629806518555,4
hex_016_002,2023-01-29,126.07999420166016,3.772261619567871,4
hex_016_002,2023-01-30,64.1449966430664,8.092461585998535,4
hex_016_002,2023-01-31,30.44499969482422,2.1468355655670166,4
hex_016_003,2023-01-26,13.914998054504395,1.9714539051055908,4
hex_016_003,2023-01-27,75.38499450683594,2.2168893814086914,4
hex_016_003,2023-01-28,117.52999114990234,5.013645648956299,4
hex_016_003,2023-01-29,120.25999450683594,4.002133846282959,4
hex_016_003,2023-01-30,57.65500259399414,0.8502389788627625,4
hex_016_003,2023-01-31,36.209999084472656,3.55608868598938,4
hex_016_004,2023-01-26,13.914998054504395,2.069938898086548,4
hex_016_004,2023-01-27,84.17498779296875,5.3843207359313965,4
hex_016_004,2023-01-28,112.80498504638672,5.114713668823242,4
hex_016_004,2023-01-29,122.46998596191406,6.964968204498291,4
hex_016_004,2023-01-30,57.65500259399414,6.04207706451416,4
hex_016_004,2023-01-31,36.209999084472656,1.757224678993225,4
hex_016_005,2023-01-26,15.945000648498535,2.5059242248535156,4
hex_016_005,2023-01-27,95.03998565673828,5.778232097625732,4
hex_016_005,2023-01-28,112.1199951171875,5.90378999710083,4
hex_016_005,2023-01-29,116.77499389648438,4.046486854553223,4
hex_016_005,2023-01-30,46.42000198364258,1.4303803443908691,4
hex_016_005,2023-01-31,43.37000274658203,2.666504383087158,4
hex_016_006,2023-01-26,24.119998931884766,3.977461576461792,4
hex_016_006,2023-01-27,95.03998565673828,8.141382217407227,4
hex_016_006,2023-01-28,112.1199951171875,8.17702579498291,4
hex_016_006,2023-01-29,116.77499389648438,4.629113674163818,4
hex_016_006,2023-01-30,55.730003356933594,4.683045387268066,4
hex_016_006,2023-01-31,55.44000244140625,5.563971996307373,4
hex_016_007,2023-01-26,29.079999923706055,1.6833277940750122,4
hex_016_007,2023-01-27,98.989990234375,4.8923797607421875,4
hex_016_007,2023-01-28,128.35499572753906,7.518240451812744,4
hex_016_007,2023-01-29,135.60000610351562,9.65912914276123,4
hex_016_007,2023-01-30,75.70000457763672,8.468878746032715,4
hex_016_007,2023-01-31,70.44999694824219,6.369439125061035,4
hex_016_008,2023-01-26,31.71500015258789,0.8781707286834717,4
hex_016_008,2023-01-27,105.44999694824219,1.5676941871643066,4
hex_016_008,2023-01-28,142.70999145507812,3.1080451011657715,4
hex_016_008,2023-01-29,155.62997436523438,6.075344085693359,4
hex_016_008,2023-01-30,96.04499816894531,6.74291467666626,4
hex_016_008,2023-01-31,82.84500122070312,4.958408355712891,4
hex_016_009,2023-01-26,31.00499725341797,0.6858345866203308,4
hex_016_009,2023-01-27,110.64998626708984,3.2087576389312744,4
hex_016_009,2023-01-28,158.94497680664062,7.819749355316162,4
hex_016_009,2023-01-29,173.60499572753906,9.611807823181152,4
hex_016_009,2023-01-30,113.47999572753906,10.000143051147461,4
hex_016_009,2023-01-31,90.83000183105469,5.572684288024902,4
hex_016_010,2023-01-26,31.09499740600586,1.3839926719665527,4
hex_016_010,2023-01-27,131.52000427246094,8.84128189086914,4
hex_016_010,2023-01-28,174.23500061035156,4.753586769104004,4
hex_016_010,2023-01-29,217.20501708984375,13.309693336486816,4
hex_016_010,2023-01-30,140.35501098632812,14.346500396728516,4
hex_016_010,2023-01-31,112.84000396728516,8.630849838256836,4
hex_016_011,2023-01-26,31.09499740600586,1.3657052516937256,4
hex_016_011,2023-01-27,131.52000427246094,5.049400806427002,4
hex_016_011,2023-01-28,181.13998413085938,3.882150411605835,4
hex_016_011,2023-01-29,218.96499633789062,14.63448429107666,4
hex_016_011,2023-01-30,140.35501098632812,16.807788848876953,4
hex_016_011,2023-01-31,112.84000396728516,7.407210350036621,4
hex_016_012,2023-01-26,37.57500076293945,1.6773838996887207,4
hex_016_012,2023-01-27,143.30001831054688,7.0662007331848145,4
hex_016_012,2023-01-28,174.24502563476562,1.7109543085098267,4
hex_016_012,2023-01-29,203.8499755859375,8.88021183013916,4
hex_016_012,2023-01-30,128.92999267578125,15.390331268310547,4
hex_016_012,2023-01-31,112.8899917602539,6.840040683746338,4
hex_016_013,2023-01-26,37.57500076293945,1.0240663290023804,4
hex_016_013,2023-01-27,151.05499267578125,6.474968433380127,4
hex_016_013,2023-01-28,180.15003967285156,3.9556543827056885,4
hex_016_013,2023-01-29,203.5750274658203,7.542457103729248,4
hex_016_013,2023-01-30,118.26499938964844,12.208523750305176,4
hex_016_013,2023-01-31,112.8899917602539,4.671587944030762,4
hex_017_000,2023-01-26,13.425000190734863,1.3163789510726929,4
hex_017_000,2023-01-27,108.67997741699219,4.79222297668457,4
hex_017_000,2023-01-28,146.43496704101562,6.71501350402832,4
hex_017_000,2023-01-29,140.45497131347656,6.325178146362305,4
hex_017_000,2023-01-30,45.52499771118164,1.941746473312378,4
hex_017_000,2023-01-31,18.52499771118164,1.1113345623016357,4
hex_017_001,2023-01-26,16.375,2.2041964530944824,5
hex_017_001,2023-01-27,108.67997741699219,7.336504936218262,5
hex_017_001,2023-01-28,146.43496704101562,10.649650573730469,5
hex_017_001,2023-01-29,141.6800079345703,9.08422565460205,5
hex_017_001,2023-01-30,54.160003662109375,4.060351371765137,5
hex_017_001,2023-01-31,24.464998245239258,3.16316819190979,5
hex_017_002,2023-01-26,18.97499656677246,1.8616658449172974,4
hex_017_002,2023-01-27,93.72999572753906,9.637380599975586,4
hex_017_002,2023-01-28,138.29498291015625,15.233354568481445,4
hex_017_002,2023-01-29,138.24501037597656,15.231290817260742,4
hex_017_002,2023-01-30,60.1299934387207,5.304874420166016,4
hex_017_002,2023-01-31,31.329999923706055,3.1725943088531494,4
hex_017_003,2023-01-26,24.035001754760742,3.270294189453125,4
hex_017_003,2023-01-27,77.03500366210938,5.306395530700684,4
hex_017_003,2023-01-28,107.4000015258789,5.714715003967285,4
hex_017_003,2023-01-29,104.364990234375,3.052553653717041,4
hex_017_003,2023-01-30,55.52000045776367,3.905256509780884,4
hex_017_003,2023-01-31,36.74500274658203,2.560321569442749,4
hex_017_004,2023-01-26,25.94999885559082,3.301333427429199,4
hex_017_004,2023-01-27,75.625,5.305535793304443,4
hex_017_004,2023-01-28,104.64999389648438,4.156300067901611,4
hex_017_004,2023-01-29,103.875,5.800573825836182,4
hex_017_004,2023-01-30,68.37999725341797,7.7966227531433105,4
hex_017_004,2023-01-31,38.03999710083008,1.5151886940002441,4
hex_017_005,2023-01-26,23.919998168945312,3.007538080215454,5
hex_017_005,2023-01-27,95.03998565673828,8.408618927001953,5
hex_017_005,2023-01-28,112.1199951171875,5.413411617279053,5
hex_017_005,2023-01-29,118.54498291015625,5.398074626922607,5
hex_017_005,2023-01-30,67.05999755859375,8.167867660522461,5
hex_017_005,2023-01-31,48.785003662109375,2.713872194290161,5
hex_017_006,2023-01-26,27.345001220703125,1.5878586769104004,4
hex_017_006,2023-01-27,98.125,6.310444355010986,4
hex_017_006,2023-01-28,119.97000122070312,3.9951512813568115,4
hex_017_006,2023-01-29,123.80000305175781,4.017405986785889,4
hex_017_006,2023-01-30,67.05999755859375,4.247791290283203,4
hex_017_006,2023-01-31,50.849998474121094,1.176508903503418,4
hex_017_007,2023-01-26,30.8799991607666,1.4356242418289185,4
hex_017_007,2023-01-27,98.02999114990234,8.443395614624023,4
hex_017_007,2023-01-28,134.23001098632812,8.558714866638184,4
hex_017_007,2023-01-29,145.39999389648438,8.756616592407227,4
hex_017_007,2023-01-30,87.35499572753906,5.939156532287598,4
hex_017_007,2023-01-31,69.26998901367188,3.7474584579467773,4
hex_017_008,2023-01-26,30.8799991607666,0.8276357650756836,4
hex_017_008,2023-01-27,96.76500701904297,4.231171131134033,4
hex_017_008,2023-01-28,134.23501586914062,7.0456862449646,4
hex_017_008,2023-01-29,158.8300018310547,10.398335456848145,4
hex_017_008,2023-01-30,105.94499969482422,8.548876762390137,4
hex_017_008,2023-01-31,82.67498779296875,7.454957008361816,4
hex_017_009,2023-01-26,30.43499755859375,1.5546557903289795,4
hex_017_009,2023-01-27,98.875,3.0700621604919434,4
hex_017_009,2023-01-28,146.3050079345703,3.394761085510254,4
hex_017_009,2023-01-29,186.5800018310547,12.802396774291992,4
hex_017_009,2023-01-30,131.45001220703125,10.639326095581055,4
hex_017_009,2023-01-31,103.86500549316406,13.023994445800781,4
hex_017_010,2023-01-26,29.75499725341797,0.8728637099266052,4
hex_017_010,2023-01-27,118.8550033569336,8.527132034301758,4
hex_017_010,2023-01-28,171.19000244140625,10.092453956604004,4
hex_017_010,2023-01-29,217.20501708984375,15.205883979797363,4
hex_017_010,2023-01-30,149.1949920654297,10.497969627380371,4
hex_017_010,2023-01-31,112.86000061035156,10.278839111328125,4
hex_017_018,2023-01-26,29.464996337890625,5.822300910949707,4
hex_017_018,2023-01-27,165.65000915527344,29.39264678955078,4
hex_017_018,2023-01-28,188.36001586914062,31.418556213378906,4
hex_017_018,2023-01-29,173.60501098632812,28.41151237487793,4
hex_017_018,2023-01-30,57.094993591308594,9.131356239318848,4
hex_017_018,2023-01-31,77.57498168945312,15.332609176635742,4
hex_018_000,2023-01-26,14.654998779296875,0.7088054418563843,3
hex_018_000,2023-01-27,108.9900131225586,5.691180229187012,3
hex_018_000,2023-01-28,153.41500854492188,9.560585021972656,3
hex_018_000,2023-01-29,149.90501403808594,10.803963661193848,3
hex_018_000,2023-01-30,51.529998779296875,4.235678195953369,3
hex_018_000,2023-01-31,17.084999084472656,0.6631105542182922,3
hex_018_001,2023-01-26,15.825000762939453,1.0352176427841187,5
hex_018_001,2023-01-27,114.125,6.351641654968262,5
hex_018_001,2023-01-28,155.3300018310547,4.376379489898682,5
hex_018_001,2023-01-29,146.4350128173828,3.584202766418457,5
hex_018_001,2023-01-30,58.954986572265625,4.759030342102051,5
hex_018_001,2023-01-31,24.579998016357422,3.1836013793945312,5
hex_018_002,2023-01-26,19.279998779296875,1.4319682121276855,5
hex_018_002,2023-01-27,104.20500183105469,7.30108118057251,5
hex_018_002,2023-01-28,146.0500030517578,7.271061420440674,5
hex_018_002,2023-01-29,141.6800079345703,8.84089469909668,5
hex_018_002,2023-01-30,59.500003814697266,4.593457221984863,5
hex_018_002,2023-01-31,24.579998016357422,1.8624991178512573,5
hex_018_003,2023-01-26,23.924997329711914,2.434744119644165,4
hex_018_003,2023-01-27,80.80999755859375,2.9584312438964844,4
hex_018_003,2023-01-28,119.22499084472656,1.162638545036316,4
hex_018_003,2023-01-29,107.89000701904297,0.8661364912986755,4
hex_018_003,2023-01-30,59.90500259399414,6.119353294372559,4
hex_018_003,2023-01-31,28.51500129699707,2.2705636024475098,4
hex_018_004,2023-01-26,25.94999885559082,1.095691204071045,4
hex_018_004,2023-01-27,73.62499237060547,4.22483491897583,4
hex_018_004,2023-01-28,119.22499084472656,8.213213920593262,4
hex_018_004,2023-01-29,107.89000701904297,7.4359822273254395,4
hex_018_004,2023-01-30,61.41499710083008,5.222184658050537,4
hex_018_004,2023-01-31,34.035003662109375,2.98628830909729,4
hex_018_005,2023-01-26,26.519996643066406,1.0497775077819824,5
hex_018_005,2023-01-27,79.98999786376953,6.692478179931641,5
hex_018_005,2023-01-28,117.17999267578125,6.288258075714111,5
hex_018_005,2023-01-29,109.27499389648438,7.773288249969482,5
hex_018_005,2023-01-30,68.37999725341797,7.1027750968933105,5
hex_018_005,2023-01-31,46.57999801635742,5.546821594238281,5
hex_018_006,2023-01-26,28.260000228881836,1.5975502729415894,5
hex_018_006,2023-01-27,87.26499938964844,4.796428680419922,5
hex_018_006,2023-01-28,121.875,5.722570896148682,5
hex_018_006,2023-01-29,118.54498291015625,9.635370254516602,5
hex_018_006,2023-01-30,67.05999755859375,4.429614067077637,5
hex_018_006,2023-01-31,47.90500259399414,4.683455467224121,5
hex_018_007,2023-01-26,31.360002517700195,1.5791186094284058,6
hex_018_007,2023-01-27,83.40499877929688,4.904157638549805,6
hex_018_007,2023-01-28,121.7349853515625,5.259573936462402,6
hex_018_007,2023-01-29,121.02501678466797,10.017667770385742,6
hex_018_007,2023-01-30,80.75,7.635153293609619,6
hex_018_007,2023-01-31,59.02000427246094,7.058018207550049,6
hex_018_008,2023-01-26,32.744998931884766,0.9728283286094666,5
hex_018_008,2023-01-27,89.72000122070312,6.050624370574951,5
hex_018_008,2023-01-28,134.61001586914062,9.537065505981445,5
hex_018_008,2023-01-29,131.82000732421875,10.585915565490723,5
hex_018_008,2023-01-30,88.41499328613281,5.332928657531738,5
hex_018_008,2023-01-31,64.74500274658203,6.79746675491333,5
hex_018_009,2023-01-26,32.31999588012695,1.3564558029174805,5
hex_018_009,2023-01-27,90.55999755859375,1.337022304534912,5
hex_018_009,2023-01-28,141.11500549316406,2.817814826965332,5
hex_018_009,2023-01-29,150.7150115966797,7.130820274353027,5
hex_018_009,2023-01-30,101.70001220703125,6.347968578338623,5
hex_018_009,2023-01-31,69.28500366210938,6.013424396514893,5
hex_018_010,2023-01-26,34.59499740600586,2.983320713043213,5
hex_018_010,2023-01-27,108.42997741699219,6.982257843017578,5
hex_018_010,2023-01-28,163.39996337890625,8.616782188415527,5
hex_018_010,2023-01-29,166.59500122070312,10.736812591552734,5
hex_018_010,2023-01-30,112.68999481201172,7.931437015533447,5
hex_018_010,2023-01-31,76.83499145507812,7.424343109130859,5
hex_018_011,2023-01-26,45.275001525878906,5.524308204650879,4
hex_018_011,2023-01-27,125.32002258300781,6.661390781402588,4
hex_018_011,2023-01-28,175.70501708984375,4.621182918548584,4
hex_018_011,2023-01-29,194.7699737548828,15.904078483581543,4
hex_018_011,2023-01-30,134.09498596191406,16.387813568115234,4
hex_018_011,2023-01-31,97.22997283935547,13.207219123840332,4
hex_018_012,2023-01-26,45.474998474121094,2.6761834621429443,5
hex_018_012,2023-01-27,132.87002563476562,3.603703260421753,5
hex_018_012,2023-01-28,191.99502563476562,6.529109001159668,5
hex_018_012,2023-01-29,209.51495361328125,21.58580780029297,5
hex_018_012,2023-01-30,144.49998474121094,20.6201171875,5
hex_018_012,2023-01-31,114.5849838256836,18.98636245727539,5
hex_018_013,2023-01-26,46.3599967956543,3.998466968536377,5
hex_018_013,2023-01-27,138.114990234375,4.202824115753174,5
hex_018_013,2023-01-28,197.97998046875,5.940921306610107,5
hex_018_013,2023-01-29,202.02000427246094,9.819143295288086,5
hex_018_013,2023-01-30,125.67000579833984,9.75571060180664,5
hex_018_013,2023-01-31,102.8499984741211,10.883576393127441,5
hex_018_014,2023-01-26,48.639991760253906,6.019830703735352,6
hex_018_014,2023-01-27,139.26998901367188,6.319167137145996,6
hex_018_014,2023-01-28,197.38497924804688,3.9217379093170166,6
hex_018_014,2023-01-29,199.1800079345703,12.021743774414062,6
hex_018_014,2023-01-30,122.67499542236328,11.566045761108398,6
hex_018_014,2023-01-31,94.16998291015625,9.486776351928711,6
hex_018_015,2023-01-26,46.07499694824219,4.25052547454834,5
hex_018_015,2023-01-27,155.9099884033203,12.49084758758545,5
hex_018_015,2023-01-28,207.92498779296875,12.16834545135498,5
hex_018_015,2023-01-29,182.33497619628906,8.361865997314453,5
hex_018_015,2023-01-30,94.625,10.479979515075684,5
hex_018_015,2023-01-31,97.94999694824219,10.596596717834473,5
hex_019_000,2023-01-26,15.220000267028809,2.3017561435699463,4
hex_019_000,2023-01-27,114.125,5.213441848754883,4
hex_019_000,2023-01-28,155.3300018310547,7.264115333557129,4
hex_019_000,2023-01-29,149.90501403808594,6.744719505310059,4
hex_019_000,2023-01-30,51.529998779296875,1.9481620788574219,4
hex_019_000,2023-01-31,19.869998931884766,1.3252230882644653,4
hex_019_001,2023-01-26,15.220000267028809,1.3644846677780151,4
hex_019_001,2023-01-27,114.125,10.141324996948242,4
hex_019_001,2023-01-28,155.3300018310547,10.219818115234375,4
hex_019_001,2023-01-29,146.4350128173828,7.335372447967529,4
hex_019_001,2023-01-30,55.03499984741211,3.34743070602417,4
hex_019_001,2023-01-31,24.7549991607666,2.905221700668335,4
hex_019_002,2023-01-26,18.099998474121094,1.6170690059661865,4
hex_019_002,2023-01-27,88.39999389648438,4.431061744689941,4
hex_019_002,2023-01-28,126.32000732421875,8.289997100830078,4
hex_019_002,2023-01-29,119.4699935913086,8.694161415100098,4
hex_019_002,2023-01-30,46.714996337890625,3.2621586322784424,4
hex_019_002,2023-01-31,26.459999084472656,2.7465102672576904,4
hex_019_003,2023-01-26,25.98999786376953,3.627351760864258,4
hex_019_003,2023-01-27,83.46500396728516,3.2517096996307373,4
hex_019_003,2023-01-28,116.94000244140625,4.879788398742676,4
hex_019_003,2023-01-29,105.68499755859375,6.37149715423584,4
hex_019_003,2023-01-30,44.165000915527344,2.6210460662841797,4
hex_019_003,2023-01-31,27.520000457763672,1.9257094860076904,4
hex_019_004,2023-01-26,23.704999923706055,1.136889100074768,4
hex_019_004,2023-01-27,85.68498992919922,7.825847148895264,4
hex_019_004,2023-01-28,114.13499450683594,3.6366684436798096,4
hex_019_004,2023-01-29,100.47999572753906,4.853592872619629,4
hex_019_004,2023-01-30,48.105003356933594,5.070866584777832,4
hex_019_004,2023-01-31,29.779998779296875,1.6205430030822754,4
hex_019_005,2023-01-26,25.709999084472656,0.8748237490653992,4
hex_019_005,2023-01-27,83.33000183105469,4.967000484466553,4
hex_019_005,2023-01-28,115.12999725341797,2.3641138076782227,4
hex_019_005,2023-01-29,97.06999206542969,1.2554271221160889,4
hex_019_005,2023-01-30,54.16999435424805,4.9465789794921875,4
hex_019_005,2023-01-31,37.660003662109375,1.1619776487350464,4
hex_019_006,2023-01-26,28.4950008392334,1.1845386028289795,4
hex_019_006,2023-01-27,86.364990234375,7.599269866943359,4
hex_019_006,2023-01-28,123.2449951171875,6.537552356719971,4
hex_019_006,2023-01-29,101.57499694824219,4.548652648925781,4
hex_019_006,2023-01-30,59.709999084472656,4.497130870819092,4
hex_019_006,2023-01-31,38.80999755859375,1.3454023599624634,4
hex_019_007,2023-01-26,30.65500259399414,2.1059722900390625,4
hex_019_007,2023-01-27,89.85999298095703,6.277982234954834,4
hex_019_007,2023-01-28,155.36000061035156,12.302644729614258,4
hex_019_007,2023-01-29,138.74000549316406,11.640576362609863,4
hex_019_007,2023-01-30,83.46501159667969,6.263622283935547,4
hex_019_007,2023-01-31,44.349998474121094,3.756974458694458,4
hex_019_008,2023-01-26,29.98000144958496,1.7240991592407227,4
hex_019_008,2023-01-27,90.02999877929688,3.359969139099121,4
hex_019_008,2023-01-28,174.3800048828125,16.096193313598633,4
hex_019_008,2023-01-29,159.0600128173828,14.097965240478516,4
hex_019_008,2023-01-30,108.42000579833984,11.726551055908203,4
hex_019_008,2023-01-31,46.6099967956543,5.62762451171875,4
hex_019_009,2023-01-26,34.525001525878906,3.619208335876465,4
hex_019_009,2023-01-27,105.760009765625,7.857508182525635,4
hex_019_009,2023-01-28,177.72998046875,14.710785865783691,4
hex_019_009,2023-01-29,164.2749786376953,12.080379486083984,4
hex_019_009,2023-01-30,110.70500183105469,9.363950729370117,4
hex_019_009,2023-01-31,56.18499755859375,5.975811958312988,4
hex_019_010,2023-01-26,37.1199951171875,1.108405590057373,4
hex_019_010,2023-01-27,113.85498046875,3.4614460468292236,4
hex_019_010,2023-01-28,177.05999755859375,8.04790210723877,4
hex_019_010,2023-01-29,163.364990234375,7.004281044006348,4
hex_019_010,2023-01-30,98.54998779296875,3.4113123416900635,4
hex_019_010,2023-01-31,58.22999954223633,3.225551128387451,4
hex_019_011,2023-01-26,45.275001525878906,2.858013868331909,4
hex_019_011,2023-01-27,128.469970703125,4.699307441711426,4
hex_019_011,2023-01-28,180.01498413085938,2.1210615634918213,4
hex_019_011,2023-01-29,160.739990234375,4.006150245666504,4
hex_019_011,2023-01-30,96.88998413085938,4.342706203460693,4
hex_019_011,2023-01-31,63.0,3.4034957885742188,4
hex_019_012,2023-01-26,46.3599967956543,2.2583670616149902,4
hex_019_012,2023-01-27,138.114990234375,7.812669277191162,4
hex_019_012,2023-01-28,192.89999389648438,9.994609832763672,4
hex_019_012,2023-01-29,171.93499755859375,9.897470474243164,4
hex_019_012,2023-01-30,95.80999755859375,4.296505451202393,4
hex_019_012,2023-01-31,70.07499694824219,2.4834678173065186,4
hex_019_013,2023-01-26,46.3599967956543,2.1624491214752197,4
hex_019_013,2023-01-27,138.114990234375,2.9974286556243896,4
hex_019_013,2023-01-28,192.89999389648438,5.365204811096191,4
hex_019_013,2023-01-29,171.93499755859375,6.448206424713135,4
hex_019_013,2023-01-30,98.44999694824219,5.393651962280273,4
hex_019_013,2023-01-31,70.3800048828125,4.282602787017822,4
hex_019_014,2023-01-26,48.639991760253906,4.397519111633301,4
hex_019_014,2023-01-27,155.9099884033203,10.166579246520996,4
hex_019_014,2023-01-28,207.92498779296875,12.881949424743652,4
hex_019_014,2023-01-29,182.33497619628906,14.799739837646484,4
hex_019_014,2023-01-30,93.93000030517578,12.575315475463867,4
hex_019_014,2023-01-31,67.93499755859375,7.18430757522583,4
hex_020_000,2023-01-26,7.595000267028809,1.3600001335144043,2
hex_020_000,2023-01-27,96.34000396728516,0.0825042724609375,2
hex_020_000,2023-01-28,140.33999633789062,1.7599945068359375,2
hex_020_000,2023-01-29,140.114990234375,2.529998779296875,2
hex_020_000,2023-01-30,49.88499450683594,1.0774993896484375,2
hex_020_000,2023-01-31,16.84000015258789,0.2649993896484375,2
hex_020_001,2023-01-26,11.214999198913574,1.726753830909729,4
hex_020_001,2023-01-27,99.33499145507812,2.6550791263580322,4
hex_020_001,2023-01-28,137.82501220703125,2.1468260288238525,4
hex_020_001,2023-01-29,134.82000732421875,2.0501723289489746,4
hex_020_001,2023-01-30,48.730003356933594,2.3124587535858154,4
hex_020_001,2023-01-31,19.96500015258789,0.9978662729263306,4
hex_020_002,2023-01-26,11.97499942779541,0.4743596315383911,4
hex_020_002,2023-01-27,99.33499145507812,4.286049842834473,4
hex_020_002,2023-01-28,136.6300048828125,9.388253211975098,4
hex_020_002,2023-01-29,130.6949920654297,8.594154357910156,4
hex_020_002,2023-01-30,44.38999557495117,4.07642936706543,4
hex_020_002,2023-01-31,23.169998168945312,2.052706718444824,4
hex_020_003,2023-01-26,14.794999122619629,0.6281174421310425,4
hex_020_003,2023-01-27,86.59500122070312,5.400760173797607,4
hex_020_003,2023-01-28,114.27500915527344,5.009485244750977,4
hex_020_003,2023-01-29,110.5350112915039,5.527114391326904,4
hex_020_003,2023-01-30,44.04999923706055,3.7776224613189697,4
hex_020_003,2023-01-31,27.06499671936035,0.706633448600769,4
hex_020_004,2023-01-26,15.315000534057617,0.8887110948562622,4
hex_020_004,2023-01-27,78.2300033569336,3.8713841438293457,4
hex_020_004,2023-01-28,109.17499542236328,2.866925001144409,4
hex_020_004,2023-01-29,104.11998748779297,3.3035736083984375,4
hex_020_004,2023-01-30,52.05499267578125,6.418141841888428,4
hex_020_004,2023-01-31,27.869998931884766,1.096940040588379,4
hex_020_005,2023-01-26,19.350000381469727,1.7374240159988403,4
hex_020_005,2023-01-27,66.42499542236328,4.121981143951416,4
hex_020_005,2023-01-28,106.98500061035156,3.3618125915527344,4
hex_020_005,2023-01-29,95.10499572753906,3.7354159355163574,4
hex_020_005,2023-01-30,54.8900032043457,3.181934356689453,4
hex_020_005,2023-01-31,32.654998779296875,1.7000679969787598,4
hex_020_006,2023-01-26,21.03499984741211,2.4732298851013184,4
hex_020_006,2023-01-27,62.459991455078125,2.6621603965759277,4
hex_020_006,2023-01-28,113.6500015258789,5.527467250823975,4
hex_020_006,2023-01-29,95.99000549316406,4.095282554626465,4
hex_020_006,2023-01-30,60.84000015258789,3.4654769897460938,4
hex_020_006,2023-01-31,32.654998779296875,0.5470877885818481,4
hex_020_007,2023-01-26,24.510000228881836,1.535900592803955,4
hex_020_007,2023-01-27,78.45500183105469,4.228896141052246,4
hex_020_007,2023-01-28,129.56500244140625,7.496455192565918,4
hex_020_007,2023-01-29,108.37001037597656,7.035860538482666,4
hex_020_007,2023-01-30,62.91000747680664,6.219682693481445,4
hex_020_007,2023-01-31,40.670005798339844,3.7877533435821533,4
hex_020_008,2023-01-26,25.800003051757812,0.9875427484512329,4
hex_020_008,2023-01-27,95.37499237060547,4.8776021003723145,4
hex_020_008,2023-01-28,149.13497924804688,10.925956726074219,4
hex_020_008,2023-01-29,131.38998413085938,11.939437866210938,4
hex_020_008,2023-01-30,71.49998474121094,8.89117431640625,4
hex_020_008,2023-01-31,43.62999725341797,3.0660417079925537,4
hex_020_009,2023-01-26,26.324996948242188,1.0778628587722778,4
hex_020_009,2023-01-27,104.23500061035156,5.064372539520264,4
hex_020_009,2023-01-28,157.13499450683594,9.786591529846191,4
hex_020_009,2023-01-29,140.0,9.964632987976074,4
hex_020_009,2023-01-30,72.00499725341797,6.258407115936279,4
hex_020_009,2023-01-31,40.49500274658203,1.3317252397537231,4
hex_020_010,2023-01-26,35.6349983215332,2.620051145553589,4
hex_020_010,2023-01-27,115.63999938964844,2.824766159057617,4
hex_020_010,2023-01-28,185.82997131347656,8.544034957885742,4
hex_020_010,2023-01-29,168.36997985839844,8.810341835021973,4
hex_020_010,2023-01-30,96.7099838256836,10.463619232177734,4
hex_020_010,2023-01-31,43.72999572753906,3.5236120223999023,4
hex_020_011,2023-01-26,38.38999938964844,2.9277567863464355,4
hex_020_011,2023-01-27,115.63999938964844,2.147028923034668,4
hex_020_011,2023-01-28,188.739990234375,8.792983055114746,4
hex_020_011,2023-01-29,163.41000366210938,7.035035133361816,4
hex_020_011,2023-01-30,95.20999145507812,8.596738815307617,4
hex_020_011,2023-01-31,43.72999572753906,3.3177237510681152,4
hex_020_012,2023-01-26,47.13500213623047,4.314976692199707,4
hex_020_012,2023-01-27,121.84000396728516,9.468761444091797,4
hex_020_012,2023-01-28,185.82000732421875,13.611705780029297,4
hex_020_012,2023-01-29,165.44500732421875,15.421972274780273,4
hex_020_012,2023-01-30,112.27999877929688,17.679506301879883,4
hex_020_012,2023-01-31,57.39500045776367,10.966940879821777,4
hex_021_000,2023-01-26,11.059999465942383,2.8945863246917725,4
hex_021_000,2023-01-27,101.6349868774414,3.575841188430786,4
hex_021_000,2023-01-28,145.2799835205078,6.554976940155029,4
hex_021_000,2023-01-29,142.76998901367188,5.644431114196777,4
hex_021_000,2023-01-30,49.88499450683594,2.5828607082366943,4
hex_021_000,2023-01-31,21.475000381469727,2.1882307529449463,4
hex_021_001,2023-01-26,11.059999465942383,2.20001220703125,5
hex_021_001,2023-01-27,99.33499145507812,4.310912609100342,5
hex_021_001,2023-01-28,136.6300048828125,5.347520351409912,5
hex_021_001,2023-01-29,132.2050018310547,4.148244857788086,5
hex_021_001,2023-01-30,48.93499755859375,2.3766725063323975,5
hex_021_001,2023-01-31,25.0,2.27321195602417,5
hex_021_002,2023-01-26,14.230000495910645,2.3231332302093506,6
hex_021_002,2023-01-27,94.51499938964844,2.774702310562134,6
hex_021_002,2023-01-28,138.1199951171875,9.14242172241211,6
hex_021_002,2023-01-29,136.12998962402344,9.730294227600098,6
hex_021_002,2023-01-30,49.499996185302734,5.114259243011475,6
hex_021_002,2023-01-31,26.279998779296875,2.2156221866607666,6
hex_021_003,2023-01-26,14.635000228881836,1.5753065347671509,5
hex_021_003,2023-01-27,86.20000457763672,4.277568340301514,5
hex_021_003,2023-01-28,130.625,7.947733402252197,5
hex_021_003,2023-01-29,122.989990234375,6.200265884399414,5
hex_021_003,2023-01-30,55.9849967956543,6.610013961791992,5
hex_021_003,2023-01-31,28.814998626708984,2.071099281311035,5
hex_021_004,2023-01-26,17.724998474121094,3.276820659637451,6
hex_021_004,2023-01-27,86.61998748779297,8.75980281829834,6
hex_021_004,2023-01-28,130.625,8.054170608520508,6
hex_021_004,2023-01-29,122.989990234375,9.389684677124023,6
hex_021_004,2023-01-30,55.9849967956543,7.644251823425293,6
hex_021_004,2023-01-31,30.464996337890625,1.126866340637207,6
hex_021_005,2023-01-26,14.59000015258789,1.047074794769287,5
hex_021_005,2023-01-27,87.18499755859375,9.925361633300781,5
hex_021_005,2023-01-28,123.83499908447266,7.115224838256836,5
hex_021_005,2023-01-29,115.29000854492188,7.3570709228515625,5
hex_021_005,2023-01-30,54.8900032043457,5.413249492645264,5
hex_021_005,2023-01-31,32.67499923706055,1.8086525201797485,5
hex_021_006,2023-01-26,20.39499855041504,3.109062671661377,5
hex_021_006,2023-01-27,95.98501586914062,9.317564010620117,5
hex_021_006,2023-01-28,131.28501892089844,6.8235931396484375,5
hex_021_006,2023-01-29,114.98001861572266,8.14193344116211,5
hex_021_006,2023-01-30,51.11000061035156,4.795455455780029,5
hex_021_006,2023-01-31,30.19000244140625,1.224021077156067,5
hex_021_007,2023-01-26,23.29500389099121,1.6200882196426392,4
hex_021_007,2023-01-27,96.20001220703125,8.082371711730957,4
hex_021_007,2023-01-28,128.50001525878906,6.024790287017822,4
hex_021_007,2023-01-29,112.08501434326172,7.766092777252197,4
hex_021_007,2023-01-30,49.310001373291016,3.740335464477539,4
hex_021_007,2023-01-31,35.48999786376953,3.6716537475585938,4
hex_022_000,2023-01-26,3.9649996757507324,1.092499852180481,2
hex_022_000,2023-01-27,101.6349868774414,4.204986572265625,2
hex_022_000,2023-01-28,145.2799835205078,0.5474929809570312,2
hex_022_000,2023-01-29,143.2949981689453,0.26250457763671875,2
hex_022_000,2023-01-30,51.93999099731445,3.024995803833008,2
hex_022_000,2023-01-31,16.21500015258789,0.4975004196166992,2
hex_022_001,2023-01-26,4.990000247955322,1.5490221977233887,5
hex_022_001,2023-01-27,92.4649887084961,3.681896686553955,5
hex_022_001,2023-01-28,153.67498779296875,8.643549919128418,5
hex_022_001,2023-01-29,154.04498291015625,8.288494110107422,5
hex_022_001,2023-01-30,72.73999786376953,9.35858154296875,5
hex_022_001,2023-01-31,20.614999771118164,2.8687081336975098,5
hex_022_002,2023-01-26,6.670000076293945,0.987101137638092,4
hex_022_002,2023-01-27,95.52499389648438,2.2697787284851074,4
hex_022_002,2023-01-28,145.7650146484375,5.919029235839844,4
hex_022_002,2023-01-29,145.42001342773438,5.313163757324219,4
hex_022_002,2023-01-30,58.89000701904297,4.0474138259887695,4
hex_022_002,2023-01-31,20.614999771118164,0.7030867338180542,4
hex_022_003,2023-01-26,9.920000076293945,1.0913716554641724,4
hex_022_003,2023-01-27,100.68499755859375,6.05763053894043,4
hex_022_003,2023-01-28,139.88499450683594,8.906901359558105,4
hex_022_003,2023-01-29,134.1199951171875,9.023645401000977,4
hex_022_003,2023-01-30,45.775001525878906,2.725606679916382,4
hex_022_003,2023-01-31,25.829998016357422,2.6688106060028076,4
hex_022_004,2023-01-26,9.874999046325684,0.3287351727485657,4
hex_022_004,2023-01-27,100.68499755859375,6.30731725692749,4
hex_022_004,2023-01-28,139.88499450683594,9.029327392578125,4
hex_022_004,2023-01-29,134.1199951171875,8.658588409423828,4
hex_022_004,2023-01-30,43.7349967956543,3.2825260162353516,4
hex_022_004,2023-01-31,26.700000762939453,1.0538880825042725,4
hex_022_005,2023-01-26,11.515000343322754,1.0178840160369873,4
hex_022_005,2023-01-27,89.80499267578125,2.493459701538086,4
hex_022_005,2023-01-28,119.85499572753906,1.9965589046478271,4
hex_022_005,2023-01-29,114.87998962402344,3.0988237857818604,4
hex_022_005,2023-01-30,39.38500213623047,1.9256417751312256,4
hex_022_005,2023-01-31,31.354999542236328,1.1456164121627808,4
hex_022_006,2023-01-26,11.754999160766602,0.9340255856513977,4
hex_022_006,2023-01-27,84.4949951171875,0.9710367918014526,4
hex_022_006,2023-01-28,117.46499633789062,2.847682476043701,4
hex_022_006,2023-01-29,108.88500213623047,2.365546464920044,4
hex_022_006,2023-01-30,39.38500213623047,2.6858773231506348,4
hex_022_006,2023-01-31,29.829998016357422,1.0953599214553833,4
hex_022_007,2023-01-26,18.75,3.0167291164398193,4
hex_022_007,2023-01-27,90.7349853515625,3.9053561687469482,4
hex_022_007,2023-01-28,126.73999786376953,3.783334732055664,4
hex_022_007,2023-01-29,116.8800048828125,3.7092301845550537,4
hex_022_007,2023-01-30,43.139991760253906,1.836664080619812,4
hex_022_007,2023-01-31,30.770000457763672,1.8319306373596191,4
hex_022_008,2023-01-26,20.18499755859375,2.8219642639160156,3
hex_022_008,2023-01-27,101.28498840332031,2.2090299129486084,3
hex_022_008,2023-01-28,135.25498962402344,2.219780206680298,3
hex_022_008,2023-01-29,127.13999938964844,5.22472620010376,3
hex_022_008,2023-01-30,42.56499481201172,0.6985245943069458,3
hex_022_008,2023-01-31,26.854999542236328,2.5646908283233643,3
hex_023_000,2023-01-26,0.5649999380111694,0.1542927324771881,4
hex_023_000,2023-01-27,84.77500915527344,1.1276850700378418,4
hex_023_000,2023-01-28,160.6300048828125,2.7008023262023926,4
hex_023_000,2023-01-29,161.11001586914062,2.869318723678589,4
hex_023_000,2023-01-30,79.80500030517578,2.5259249210357666,4
hex_023_000,2023-01-31,13.47499942779541,0.517643392086029,4
hex_023_001,2023-01-26,1.6749999523162842,0.4648991823196411,4
hex_023_001,2023-01-27,90.05999755859375,3.0888516902923584,4
hex_023_001,2023-01-28,157.489990234375,1.7950520515441895,4
hex_023_001,2023-01-29,158.739990234375,1.9202311038970947,4
hex_023_001,2023-01-30,78.53499603271484,2.3589937686920166,4
hex_023_001,2023-01-31,18.0,2.6053080558776855,4
hex_023_002,2023-01-26,4.619999885559082,1.0183894634246826,4
hex_023_002,2023-01-27,88.57499694824219,2.0543603897094727,4
hex_023_002,2023-01-28,148.07000732421875,2.4070870876312256,4
hex_023_002,2023-01-29,152.0550079345703,4.166887283325195,4
hex_023_002,2023-01-30,71.54999542236328,5.340790271759033,4
hex_023_002,2023-01-31,25.780000686645508,2.302969455718994,4
hex_023_003,2023-01-26,6.929999828338623,1.6754639148712158,4
hex_023_003,2023-01-27,99.16498565673828,5.093194007873535,4
hex_023_003,2023-01-28,144.55499267578125,1.255113124847412,4
hex_023_003,2023-01-29,145.65499877929688,2.123516082763672,4
hex_023_003,2023-01-30,62.87000274658203,5.176607131958008,4
hex_023_003,2023-01-31,25.780000686645508,2.0522685050964355,4
hex_023_004,2023-01-26,9.065000534057617,1.2695082426071167,4
hex_023_004,2023-01-27,88.41500854492188,2.5566272735595703,4
hex_023_004,2023-01-28,131.72500610351562,3.081693410873413,4
hex_023_004,2023-01-29,128.37001037597656,3.315610408782959,4
hex_023_004,2023-01-30,50.07499694824219,1.5021733045578003,4
hex_023_004,2023-01-31,28.145000457763672,1.9622834920883179,4
hex_023_005,2023-01-26,8.744999885559082,0.7006818056106567,4
hex_023_005,2023-01-27,82.90998840332031,2.457907199859619,4
hex_023_005,2023-01-28,125.51998901367188,2.022404909133911,4
hex_023_005,2023-01-29,119.68998718261719,1.738188624382019,4
hex_023_005,2023-01-30,49.19000244140625,1.655239462852478,4
hex_023_005,2023-01-31,26.08500099182129,0.7326456904411316,4
hex_023_006,2023-01-26,9.005000114440918,0.7607934474945068,4
hex_023_006,2023-01-27,86.33000183105469,2.854121208190918,4
hex_023_006,2023-01-28,132.38499450683594,3.226231336593628,4
hex_023_006,2023-01-29,128.35000610351562,4.17647123336792,4
hex_023_006,2023-01-30,53.47500228881836,2.444491386413574,4
hex_023_006,2023-01-31,28.709999084472656,1.527143955230713,4
hex_023_007,2023-01-26,12.244998931884766,0.6163040995597839,4
hex_023_007,2023-01-27,101.56499481201172,4.759786605834961,4
hex_023_007,2023-01-28,143.6099853515625,5.180450439453125,4
hex_023_007,2023-01-29,136.51499938964844,4.799143314361572,4
hex_023_007,2023-01-30,54.730003356933594,3.526562213897705,4
hex_023_007,2023-01-31,26.135000228881836,2.4592397212982178,4
hex_024_000,2023-01-26,0.5099999904632568,0.12465506792068481,3
hex_024_000,2023-01-27,82.01000213623047,5.676045894622803,3
hex_024_000,2023-01-28,168.39498901367188,5.232982635498047,3
hex_024_000,2023-01-29,170.61000061035156,5.723876953125,3
hex_024_000,2023-01-30,100.85498809814453,8.689101219177246,3
hex_024_000,2023-01-31,13.274999618530273,0.4233267903327942,3
hex_024_001,2023-01-26,1.9799998998641968,0.5436413884162903,5
hex_024_001,2023-01-27,84.19000244140625,8.97194766998291,5
hex_024_001,2023-01-28,173.00497436523438,9.176675796508789,5
hex_024_001,2023-01-29,175.64498901367188,9.502666473388672,5
hex_024_001,2023-01-30,108.62499237060547,11.48317813873291,5
hex_024_001,2023-01-31,19.344999313354492,2.2525272369384766,5
hex_024_002,2023-01-26,4.234999656677246,1.5635005235671997,5
hex_024_002,2023-01-27,82.98500061035156,11.142252922058105,5
hex_024_002,2023-01-28,158.9499969482422,11.993671417236328,5
hex_024_002,2023-01-29,164.760009765625,12.04168701171875,5
hex_024_002,2023-01-30,102.87999725341797,10.66731071472168,5
hex_024_002,2023-01-31,21.560001373291016,0.9503129124641418,5
hex_024_003,2023-01-26,7.085000038146973,1.974371314048767,4
hex_024_003,2023-01-27,85.41498565673828,8.927837371826172,4
hex_024_003,2023-01-28,145.14501953125,9.492758750915527,4
hex_024_003,2023-01-29,147.37001037597656,10.014297485351562,4
hex_024_003,2023-01-30,76.94500732421875,6.119845867156982,4
hex_024_003,2023-01-31,25.780000686645508,1.8321055173873901,4
hex_024_004,2023-01-26,5.684999465942383,1.7232855558395386,5
hex_024_004,2023-01-27,84.62000274658203,6.8937225341796875,5
hex_024_004,2023-01-28,131.72500610351562,6.679545879364014,5
hex_024_004,2023-01-29,130.16998291015625,5.988640785217285,5
hex_024_004,2023-01-30,61.489994049072266,5.645003318786621,5
hex_024_004,2023-01-31,24.095001220703125,1.548598051071167,5
hex_024_005,2023-01-26,9.065000534057617,3.10762095451355,5
hex_024_005,2023-01-27,81.45999908447266,4.0924272537231445,5
hex_024_005,2023-01-28,124.08999633789062,6.336142063140869,5
hex_024_005,2023-01-29,119.92499542236328,4.924642086029053,5
hex_024_005,2023-01-30,48.340003967285156,6.202436447143555,5
hex_024_005,2023-01-31,27.125001907348633,2.180778741836548,5
hex_024_006,2023-01-26,7.299999237060547,1.8343051671981812,5
hex_024_006,2023-01-27,82.16999053955078,3.151057481765747,5
hex_024_006,2023-01-28,123.81999206542969,4.845618724822998,5
hex_024_006,2023-01-29,119.27000427246094,4.441380977630615,5
hex_024_006,2023-01-30,49.19000244140625,5.333634853363037,5
hex_024_006,2023-01-31,28.594999313354492,1.812309741973877,5
hex_024_007,2023-01-26,10.594998359680176,1.9226059913635254,5
hex_024_007,2023-01-27,92.04000091552734,4.033489227294922,5
hex_024_007,2023-01-28,129.5,5.370556354522705,5
hex_024_007,2023-01-29,127.2300033569336,4.824635028839111,5
hex_024_007,2023-01-30,53.47500228881836,6.179999351501465,5
hex_024_007,2023-01-31,26.659997940063477,2.065110683441162,5
hex_025_000,2023-01-26,2.0749998092651367,0.6671236157417297,5
hex_025_000,2023-01-27,69.62999725341797,6.343238353729248,5
hex_025_000,2023-01-28,155.85499572753906,11.595507621765137,5
hex_025_000,2023-01-29,156.92999267578125,12.345819473266602,5
hex_025_000,2023-01-30,92.40998077392578,6.985358715057373,5
hex_025_000,2023-01-31,17.964998245239258,2.036801815032959,5
hex_025_001,2023-01-26,1.9799998998641968,0.6367526650428772,5
hex_025_001,2023-01-27,57.15998840332031,1.8387314081192017,5
hex_025_001,2023-01-28,146.65496826171875,13.13101863861084,5
hex_025_001,2023-01-29,148.4249725341797,13.59312915802002,5
hex_025_001,2023-01-30,92.40998077392578,12.086756706237793,5
hex_025_001,2023-01-31,20.21500015258789,1.4261642694473267,5
hex_025_002,2023-01-26,7.085000038146973,2.2121918201446533,4
hex_025_002,2023-01-27,60.2550048828125,3.9535186290740967,4
hex_025_002,2023-01-28,126.42999267578125,8.584696769714355,4
hex_025_002,2023-01-29,131.33499145507812,7.657990455627441,4
hex_025_002,2023-01-30,77.13499450683594,6.454235076904297,4
hex_025_002,2023-01-31,24.435001373291016,1.5243339538574219,4
hex_025_003,2023-01-26,3.0799999237060547,0.8836763501167297,5
hex_025_003,2023-01-27,68.625,3.413484573364258,5
hex_025_003,2023-01-28,119.72499084472656,6.515115261077881,5
hex_025_003,2023-01-29,118.35498809814453,6.204901695251465,5
hex_025_003,2023-01-30,61.44999313354492,9.212714195251465,5
hex_025_003,2023-01-31,21.88499641418457,1.3374723196029663,5
hex_025_004,2023-01-26,0.8799999952316284,0.1883605271577835,4
hex_025_004,2023-01-27,72.29501342773438,1.3744467496871948,4
hex_025_004,2023-01-28,113.19499206542969,6.279758930206299,4
hex_025_004,2023-01-29,114.18498992919922,6.610098838806152,4
hex_025_004,2023-01-30,45.72499465942383,6.793356418609619,4
hex_025_004,2023-01-31,24.135000228881836,2.3563144207000732,4
hex_025_005,2023-01-26,4.529999732971191,1.347366213798523,5
hex_025_005,2023-01-27,76.37499237060547,2.7362897396087646,5
hex_025_005,2023-01-28,107.33499145507812,6.1638031005859375,5
hex_025_005,2023-01-29,107.1399917602539,6.540557384490967,5
hex_025_005,2023-01-30,32.529998779296875,4.323098182678223,5
hex_025_005,2023-01-31,21.239999771118164,1.7545387744903564,5
hex_025_006,2023-01-26,6.599999904632568,1.6677511930465698,5
hex_025_006,2023-01-27,84.93499755859375,3.036602735519409,5
hex_025_006,2023-01-28,115.19499206542969,9.249098777770996,5
hex_025_006,2023-01-29,114.03999328613281,10.761774063110352,5
hex_025_006,2023-01-30,37.06999588012695,7.915562152862549,5
hex_025_006,2023-01-31,23.604999542236328,1.8078548908233643,5
hex_026_000,2023-01-26,2.0749998092651367,0.8149999380111694,2
hex_026_000,2023-01-27,55.12501525878906,0.447509765625,2
hex_026_000,2023-01-28,128.7349853515625,3.1024856567382812,2
hex_026_000,2023-01-29,128.0499725341797,1.3174781799316406,2
hex_026_000,2023-01-30,75.89498138427734,2.5774917602539062,2
hex_026_000,2023-01-31,15.975000381469727,0.44250059127807617,2
hex_026_001,2023-01-26,1.9149999618530273,0.4829143285751343,4
hex_026_001,2023-01-27,53.01999282836914,1.21778404712677,4
hex_026_001,2023-01-28,116.47998809814453,6.43772554397583,4
hex_026_001,2023-01-29,115.84498596191406,5.506317138671875,4
hex_026_001,2023-01-30,67.73999786376953,5.606147289276123,4
hex_026_001,2023-01-31,20.599998474121094,1.7158352136611938,4
hex_026_002,2023-01-26,2.4850001335144043,0.7924212217330933,4
hex_026_002,2023-01-27,52.70500183105469,2.434697389602661,4
hex_026_002,2023-01-28,108.37999725341797,7.261504173278809,4
hex_026_002,2023-01-29,110.48500061035156,6.670130729675293,4
hex_026_002,2023-01-30,58.70999526977539,3.951054096221924,4
hex_026_002,2023-01-31,22.139999389648438,1.3467657566070557,4
hex_026_003,2023-01-26,1.8199996948242188,0.6027578115463257,4
hex_026_003,2023-01-27,63.57000732421875,3.3971610069274902,4
hex_026_003,2023-01-28,103.30500793457031,7.842643737792969,4
hex_026_003,2023-01-29,104.75001525878906,7.93934440612793,4
hex_026_003,2023-01-30,48.275001525878906,6.37559700012207,4
hex_026_003,2023-01-31,19.309999465942383,1.6056342124938965,4
hex_026_004,2023-01-26,0.9699999690055847,0.22470466792583466,4
hex_026_004,2023-01-27,63.57000732421875,2.803630828857422,4
hex_026_004,2023-01-28,103.30500793457031,8.319375038146973,4
hex_026_004,2023-01-29,104.39000701904297,8.375001907348633,4
hex_026_004,2023-01-30,42.279998779296875,5.625407695770264,4
hex_026_004,2023-01-31,19.809999465942383,1.2517708539962769,4
hex_026_005,2023-01-26,1.440000057220459,0.4906294047832489,4
hex_026_005,2023-01-27,72.43500518798828,1.6959059238433838,4
hex_026_005,2023-01-28,92.6300048828125,2.7300987243652344,4
hex_026_005,2023-01-29,93.11000061035156,2.4741227626800537,4
hex_026_005,2023-01-30,26.545000076293945,3.9697530269622803,4
hex_026_005,2023-01-31,17.604997634887695,1.337333083152771,4
hex_026_006,2023-01-26,3.744999885559082,1.2991944551467896,4
hex_026_006,2023-01-27,75.53999328613281,1.8803362846374512,4
hex_026_006,2023-01-28,89.41000366210938,3.0379645824432373,4
hex_026_006,2023-01-29,89.09500122070312,2.449138641357422,4
hex_026_006,2023-01-30,21.439998626708984,3.246941089630127,4
hex_026_006,2023-01-31,16.764999389648438,0.986238956451416,4
hex_027_000,2023-01-26,1.2200000286102295,0.3817145824432373,5
hex_027_000,2023-01-27,55.12501525878906,1.0538313388824463,5
hex_027_000,2023-01-28,122.53001403808594,6.747490882873535,5
hex_027_000,2023-01-29,125.4150161743164,7.016306400299072,5
hex_027_000,2023-01-30,70.73999786376953,6.407041549682617,5
hex_027_000,2023-01-31,15.089999198913574,1.2600752115249634,5
hex_027_001,2023-01-26,5.859999656677246,1.9268850088119507,5
hex_027_001,2023-01-27,54.014991760253906,1.1533634662628174,5
hex_027_001,2023-01-28,107.22999572753906,7.953139781951904,5
hex_027_001,2023-01-29,108.38999938964844,8.433899879455566,5
hex_027_001,2023-01-30,56.43000030517578,8.450817108154297,5
hex_027_001,2023-01-31,20.599998474121094,3.349672794342041,5
hex_027_002,2023-01-26,1.8199999332427979,0.43961629271507263,4
hex_027_002,2023-01-27,54.014991760253906,3.405963897705078,4
hex_027_002,2023-01-28,85.37001037597656,6.979231834411621,4
hex_027_002,2023-01-29,84.62001037597656,6.556827545166016,4
hex_027_002,2023-01-30,34.96500778198242,4.389623165130615,4
hex_027_002,2023-01-31,12.899999618530273,0.9984006881713867,4
hex_027_003,2023-01-26,1.9549999237060547,0.5181833505630493,5
hex_027_003,2023-01-27,58.160011291503906,5.038318634033203,5
hex_027_003,2023-01-28,85.85499572753906,5.960757732391357,5
hex_027_003,2023-01-29,87.1199951171875,6.242579460144043,5
hex_027_003,2023-01-30,30.885000228881836,5.934390068054199,5
hex_027_003,2023-01-31,16.974998474121094,1.465364694595337,5
hex_027_004,2023-01-26,1.5499999523162842,0.6050555109977722,4
hex_027_004,2023-01-27,64.76000213623047,5.468970775604248,4
hex_027_004,2023-01-28,76.66999816894531,8.752951622009277,4
hex_027_004,2023-01-29,77.68499755859375,8.858631134033203,4
hex_027_004,2023-01-30,18.014999389648438,4.311358451843262,4
hex_027_004,2023-01-31,13.634998321533203,0.8501497507095337,4
hex_027_005,2023-01-26,1.0600000619888306,0.3057025074958801,5
hex_027_005,2023-01-27,72.43500518798828,3.809577226638794,5
hex_027_005,2023-01-28,85.59000396728516,5.8276777267456055,5
hex_027_005,2023-01-29,86.8800048828125,5.881004810333252,5
hex_027_005,2023-01-30,15.584999084472656,2.758641242980957,5
hex_027_005,2023-01-31,15.509998321533203,0.6944464445114136,5
hex_028_000,2023-01-26,1.2200000286102295,0.15500003099441528,2
hex_028_000,2023-01-27,58.45000076293945,2.065000534057617,2
hex_028_000,2023-01-28,120.89500427246094,1.4950027465820312,2
hex_028_000,2023-01-29,121.86000061035156,1.8274993896484375,2
hex_028_000,2023-01-30,69.04500579833984,4.090002059936523,2
hex_028_000,2023-01-31,11.600000381469727,1.5325002670288086,2
hex_028_001,2023-01-26,1.184999942779541,0.38412758708000183,5
hex_028_001,2023-01-27,58.45000076293945,2.771871328353882,5
hex_028_001,2023-01-28,117.90499877929688,10.60076904296875,5
hex_028_001,2023-01-29,118.20500183105469,10.646717071533203,5
hex_028_001,2023-01-30,60.8650016784668,8.061259269714355,5
hex_028_001,2023-01-31,13.85999870300293,2.5113370418548584,5
hex_028_002,2023-01-26,1.6150000095367432,0.16423764824867249,5
hex_028_002,2023-01-27,52.09000778198242,1.0862603187561035,5
hex_028_002,2023-01-28,92.11000061035156,5.872003555297852,5
hex_028_002,2023-01-29,92.8800048828125,6.6222991943359375,5
hex_028_002,2023-01-30,44.08499526977539,6.152628421783447,5
hex_028_002,2023-01-31,11.295000076293945,1.4181768894195557,5
hex_028_003,2023-01-26,2.81499981880188,0.4861502945423126,4
hex_028_003,2023-01-27,57.97999954223633,4.172715187072754,4
hex_028_003,2023-01-28,75.12498474121094,2.3179774284362793,4
hex_028_003,2023-01-29,73.38497924804688,1.9249820709228516,4
hex_028_003,2023-01-30,23.344995498657227,3.423741102218628,4
hex_028_003,2023-01-31,13.46500015258789,1.25847327709198,4
hex_028_004,2023-01-26,1.9549999237060547,0.4988987147808075,5
hex_028_004,2023-01-27,58.160011291503906,4.644571304321289,5
hex_028_004,2023-01-28,70.55999755859375,7.909401893615723,5
hex_028_004,2023-01-29,70.04501342773438,7.252895355224609,5
hex_028_004,2023-01-30,14.72500228881836,3.366354465484619,5
hex_028_004,2023-01-31,14.43499755859375,0.467036634683609,5
hex_028_005,2023-01-26,0.5249999761581421,0.07337573915719986,5
hex_028_005,2023-01-27,61.43500518798828,6.018339157104492,5
hex_028_005,2023-01-28,67.2800064086914,6.438078880310059,5
hex_028_005,2023-01-29,68.44000244140625,5.913415431976318,5
hex_028_005,2023-01-30,10.17500114440918,1.48898184299469,5
hex_028_005,2023-01-31,15.135000228881836,1.2239712476730347,5
hex_028_006,2023-01-26,1.8549997806549072,0.5104860067367554,5
hex_028_006,2023-01-27,59.54500198364258,4.449275970458984,5
hex_028_006,2023-01-28,65.75,5.210530757904053,5
hex_028_006,2023-01-29,67.80000305175781,5.894867420196533,5
hex_028_006,2023-01-30,14.190000534057617,2.7504239082336426,5
hex_028_006,2023-01-31,19.950000762939453,2.4241855144500732,5
hex_029_000,2023-01-26,0.19999998807907104,0.06003904342651367,4
hex_029_000,2023-01-27,66.83000183105469,6.158510684967041,4
hex_029_000,2023-01-28,113.30500030517578,9.556032180786133,4
hex_029_000,2023-01-29,113.45000457763672,9.536495208740234,4
hex_029_000,2023-01-30,51.424991607666016,4.241440773010254,4
hex_029_000,2023-01-31,6.904999256134033,0.9544891715049744,4
hex_029_001,2023-01-26,0.4350000023841858,0.12036403268575668,4
hex_029_001,2023-01-27,55.315006256103516,2.9308128356933594,4
hex_029_001,2023-01-28,96.23999786376953,5.947788238525391,4
hex_029_001,2023-01-29,96.1399917602539,5.98797082901001,4
hex_029_001,2023-01-30,41.97499465942383,3.4157865047454834,4
hex_029_001,2023-01-31,7.180000305175781,0.8543052673339844,4
hex_029_002,2023-01-26,1.565000057220459,0.5838503837585449,4
hex_029_002,2023-01-27,49.404998779296875,2.6263961791992188,4
hex_029_002,2023-01-28,75.90499877929688,3.7278926372528076,4
hex_029_002,2023-01-29,74.8499984741211,3.3617255687713623,4
hex_029_002,2023-01-30,29.839998245239258,3.967498779296875,4
hex_029_002,2023-01-31,10.525001525878906,1.17745840549469,4
hex_029_003,2023-01-26,1.565000057220459,0.5297936201095581,4
hex_029_003,2023-01-27,53.095001220703125,2.633516550064087,4
hex_029_003,2023-01-28,68.78999328613281,3.681109666824341,4
hex_029_003,2023-01-29,68.40499877929688,3.5149762630462646,4
hex_029_003,2023-01-30,21.455001831054688,3.1382389068603516,4
hex_029_003,2023-01-31,11.790000915527344,1.4489760398864746,4
hex_029_004,2023-01-26,1.3300000429153442,0.32533398270606995,4
hex_029_004,2023-01-27,46.869998931884766,2.977550506591797,4
hex_029_004,2023-01-28,53.529998779296875,2.3855855464935303,4
hex_029_004,2023-01-29,55.04999923706055,1.8682594299316406,4
hex_029_004,2023-01-30,12.189998626708984,1.0783220529556274,4
hex_029_004,2023-01-31,15.135000228881836,1.2231433391571045,4
hex_029_005,2023-01-26,1.8549997806549072,0.33605238795280457,4
hex_029_005,2023-01-27,47.29999923706055,2.485790491104126,4
hex_029_005,2023-01-28,54.44499969482422,2.0995843410491943,4
hex_029_005,2023-01-29,54.689998626708984,1.9028338193893433,4
hex_029_005,2023-01-30,14.125000953674316,2.8119935989379883,4
hex_029_005,2023-01-31,13.674999237060547,0.6717795133590698,4
hex_029_006,2023-01-26,1.8549997806549072,0.501090943813324,4
hex_029_006,2023-01-27,49.65500259399414,3.34407901763916,4
hex_029_006,2023-01-28,64.96500396728516,5.994094371795654,4
hex_029_006,2023-01-29,65.91500091552734,5.3964128494262695,4
hex_029_006,2023-01-30,17.18000030517578,3.315366744995117,4
hex_029_006,2023-01-31,16.424999237060547,1.897956132888794,4
hex_030_000,2023-01-26,0.125,0.05250000208616257,2
hex_030_000,2023-01-27,57.2400016784668,0.08250236511230469,2
hex_030_000,2023-01-28,109.65000915527344,2.5050048828125,2
hex_030_000,2023-01-29,110.2400131225586,2.662506103515625,2
hex_030_000,2023-01-30,53.7500114440918,2.422506332397461,2
hex_030_000,2023-01-31,6.939999580383301,0.6924996376037598,2
hex_030_001,2023-01-26,0.32499998807907104,0.13738267123699188,5
hex_030_001,2023-01-27,55.315006256103516,3.99299693107605,5
hex_030_001,2023-01-28,96.23999786376953,6.28509521484375,5
hex_030_001,2023-01-29,96.1399917602539,6.439853668212891,5
hex_030_001,2023-01-30,45.56999969482422,3.649510383605957,5
hex_030_001,2023-01-31,6.590000152587891,0.5168501138687134,5
hex_030_002,2023-01-26,0.32499998807907104,0.13483785092830658,4
hex_030_002,2023-01-27,47.08000183105469,2.5746986865997314,4
hex_030_002,2023-01-28,82.58000183105469,5.10195255279541,4
hex_030_002,2023-01-29,82.63499450683594,5.055058002471924,4
hex_030_002,2023-01-30,39.375,4.243887424468994,4
hex_030_002,2023-01-31,7.294999122619629,0.428295761346817,4
hex_030_003,2023-01-26,0.8999999761581421,0.3768371641635895,4
hex_030_003,2023-01-27,48.81999969482422,3.0787875652313232,4
hex_030_003,2023-01-28,73.29499816894531,1.0362040996551514,4
hex_030_003,2023-01-29,72.90499114990234,0.8525934815406799,4
hex_030_003,2023-01-30,31.16499900817871,3.1751749515533447,4
hex_030_003,2023-01-31,8.09000015258789,0.49357733130455017,4
hex_030_004,2023-01-26,2.484999895095825,0.7617855072021484,4
hex_030_004,2023-01-27,48.81999969482422,2.828483819961548,4
hex_030_004,2023-01-28,73.29499816894531,7.766948699951172,4
hex_030_004,2023-01-29,72.90499114990234,8.17037582397461,4
hex_030_004,2023-01-30,30.92999839782715,6.734121322631836,4
hex_030_004,2023-01-31,11.424999237060547,1.9933114051818848,4
hex_030_005,2023-01-26,1.2299998998641968,0.2845912277698517,4
hex_030_005,2023-01-27,43.5,3.920135974884033,4
hex_030_005,2023-01-28,51.790000915527344,4.335155010223389,4
hex_030_005,2023-01-29,52.380001068115234,4.718584060668945,4
hex_030_005,2023-01-30,14.780001640319824,2.226980209350586,4
hex_030_005,2023-01-31,14.94999885559082,0.9386786222457886,4
hex_030_006,2023-01-26,2.174999952316284,0.5708217620849609,4
hex_030_006,2023-01-27,45.029998779296875,4.616464138031006,4
hex_030_006,2023-01-28,56.90999984741211,6.075199127197266,4
hex_030_006,2023-01-29,57.15999984741211,6.474921703338623,4
hex_030_006,2023-01-30,13.290000915527344,1.62444269657135,4
hex_030_006,2023-01-31,14.789999961853027,0.9594470858573914,4
hex_030_007,2023-01-26,2.1000001430511475,0.5122301578521729,4
hex_030_007,2023-01-27,48.410003662109375,4.0014190673828125,4
hex_030_007,2023-01-28,58.850006103515625,3.8092658519744873,4
hex_030_007,2023-01-29,60.68000411987305,4.0954132080078125,4
hex_030_007,2023-01-30,17.310001373291016,1.9819895029067993,4
hex_030_007,2023-01-31,18.65999984741211,1.6624847650527954,4
hex_031_000,2023-01-26,0.1599999964237213,0.060662999749183655,5
hex_031_000,2023-01-27,57.2400016784668,4.765848636627197,5
hex_031_000,2023-01-28,109.65000915527344,7.094098091125488,5
hex_031_000,2023-01-29,110.2400131225586,7.030977249145508,5
hex_031_000,2023-01-30,53.7500114440918,3.0485424995422363,5
hex_031_000,2023-01-31,10.720000267028809,1.8406214714050293,5
hex_031_001,2023-01-26,2.3399999141693115,0.8817914128303528,5
hex_031_001,2023-01-27,48.7349967956543,4.124680042266846,5
hex_031_001,2023-01-28,93.19999694824219,6.915923118591309,5
hex_031_001,2023-01-29,94.12998962402344,7.238603115081787,5
hex_031_001,2023-01-30,45.68999481201172,3.659602403640747,5
hex_031_001,2023-01-31,10.84000015258789,1.8817369937896729,5
hex_031_002,2023-01-26,0.14999999105930328,0.05477225407958031,6
hex_031_002,2023-01-27,40.37999725341797,5.838917255401611,6
hex_031_002,2023-01-28,73.27000427246094,4.216662406921387,6
hex_031_002,2023-01-29,73.27000427246094,4.208925724029541,6
hex_031_002,2023-01-30,40.775001525878906,3.262747049331665,6
hex_031_002,2023-01-31,10.994998931884766,1.6122664213180542,6
hex_031_003,2023-01-26,0.5049999952316284,0.19568853080272675,5
hex_031_003,2023-01-27,42.75,6.3414626121521,5
hex_031_003,2023-01-28,73.29499816894531,7.927336692810059,5
hex_031_003,2023-01-29,72.90499114990234,7.768697738647461,5
hex_031_003,2023-01-30,35.73500442504883,4.858985424041748,5
hex_031_003,2023-01-31,13.15999984741211,2.3243746757507324,5
hex_031_004,2023-01-26,1.7049999237060547,0.6001139283180237,6
hex_031_004,2023-01-27,41.400001525878906,8.973793029785156,6
hex_031_004,2023-01-28,59.03499984741211,9.315838813781738,6
hex_031_004,2023-01-29,57.95000076293945,8.985307693481445,6
hex_031_004,2023-01-30,23.405000686645508,3.533761739730835,6
hex_031_004,2023-01-31,16.494998931884766,1.854102373123169,6
hex_031_005,2023-01-26,2.5349998474121094,0.8000912070274353,5
hex_031_005,2023-01-27,32.83500289916992,5.9481329917907715,5
hex_031_005,2023-01-28,41.310001373291016,6.783731937408447,5
hex_031_005,2023-01-29,40.380001068115234,6.834979057312012,5
hex_031_005,2023-01-30,15.67500114440918,3.0250303745269775,5
hex_031_005,2023-01-31,16.464998245239258,1.389656901359558,5
hex_031_006,2023-01-26,2.944999933242798,0.4418642222881317,5
hex_031_006,2023-01-27,40.595001220703125,5.460590839385986,5
hex_031_006,2023-01-28,49.970001220703125,4.26424503326416,5
hex_031_006,2023-01-29,50.68000030517578,5.185786724090576,5
hex_031_006,2023-01-30,15.585000991821289,2.017026901245117,5
hex_031_006,2023-01-31,17.56999969482422,1.3261194229125977,5
hex_031_007,2023-01-26,2.1000001430511475,0.43602433800697327,4
hex_031_007,2023-01-27,38.52000427246094,4.0433030128479,4
hex_031_007,2023-01-28,50.97000503540039,3.077178955078125,4
hex_031_007,2023-01-29,53.235008239746094,3.2701303958892822,4
hex_031_007,2023-01-30,21.715002059936523,1.973098635673523,4
hex_031_007,2023-01-31,18.65999984741211,2.2123332023620605,4
hex_032_002,2023-01-26,2.3399999141693115,0.9660938382148743,4
hex_032_002,2023-01-27,38.56500244140625,3.87565016746521,4
hex_032_002,2023-01-28,80.02000427246094,5.688477993011475,4
hex_032_002,2023-01-29,79.1600112915039,5.343368053436279,4
hex_032_002,2023-01-30,43.22500228881836,2.4850897789001465,4
hex_032_002,2023-01-31,14.164998054504395,1.533444881439209,4
hex_032_003,2023-01-26,0.0,0.0,4
hex_032_003,2023-01-27,24.159996032714844,4.055812835693359,4
hex_032_003,2023-01-28,61.47999572753906,6.803970813751221,4
hex_032_003,2023-01-29,61.57499694824219,6.761783599853516,4
hex_032_003,2023-01-30,38.17000198364258,2.51065731048584,4
hex_032_003,2023-01-31,14.960000991821289,1.5648144483566284,4
hex_032_004,2023-01-26,0.0,0.0,4
hex_032_004,2023-01-27,23.429996490478516,3.944815158843994,4
hex_032_004,2023-01-28,57.31999969482422,8.368980407714844,4
hex_032_004,2023-01-29,57.375,8.336798667907715,4
hex_032_004,2023-01-30,35.73500442504883,5.466001987457275,4
hex_032_004,2023-01-31,24.31999969482422,4.258111953735352,4
hex_032_005,2023-01-26,1.8199999332427979,0.7484681606292725,4
hex_032_005,2023-01-27,18.30500030517578,3.5152220726013184,4
hex_032_005,2023-01-28,31.80500030517578,3.197920083999634,4
hex_032_005,2023-01-29,31.780000686645508,3.8514697551727295,4
hex_032_005,2023-01-30,15.52500057220459,3.5959267616271973,4
hex_032_005,2023-01-31,17.609996795654297,1.2438162565231323,4
hex_032_006,2023-01-26,2.919999837875366,0.6812339425086975,4
hex_032_006,2023-01-27,24.020000457763672,5.065093517303467,4
hex_032_006,2023-01-28,32.4900016784668,3.9903182983398438,4
hex_032_006,2023-01-29,29.844999313354492,3.459035873413086,4
hex_032_006,2023-01-30,15.619999885559082,3.7930397987365723,4
hex_032_006,2023-01-31,18.709999084472656,1.2449970245361328,4
hex_032_007,2023-01-26,2.944999933242798,0.5866269469261169,4
hex_032_007,2023-01-27,28.029998779296875,2.7685983180999756,4
hex_032_007,2023-01-28,44.76499938964844,4.023453712463379,4
hex_032_007,2023-01-29,47.69999694824219,5.5167460441589355,4
hex_032_007,2023-01-30,21.715002059936523,2.687424898147583,4
hex_032_007,2023-01-31,17.56999969482422,1.547532558441162,4
hex_032_008,2023-01-26,2.505000114440918,0.5477269291877747,4
hex_032_008,2023-01-27,29.329992294311523,2.9131040573120117,4
hex_032_008,2023-01-28,43.969993591308594,4.057293891906738,4
hex_032_008,2023-01-29,44.344993591308594,4.179530620574951,4
hex_032_008,2023-01-30,17.100000381469727,1.2894045114517212,4
hex_032_008,2023-01-31,14.565000534057617,1.560983419418335,4
hex_033_002,2023-01-26,0.24500000476837158,0.10002343356609344,4
hex_033_002,2023-01-27,21.940000534057617,5.224441051483154,4
hex_033_002,2023-01-28,53.51499938964844,4.664277076721191,4
hex_033_002,2023-01-29,53.86499786376953,4.677300930023193,4
hex_033_002,2023-01-30,38.839996337890625,2.20133900642395,4
hex_033_002,2023-01-31,20.57499885559082,1.9515411853790283,4
hex_033_003,2023-01-26,0.07999999821186066,0.029020465910434723,4
hex_033_003,2023-01-27,14.405000686645508,1.8997418880462646,4
hex_033_003,2023-01-28,47.249996185302734,3.489269495010376,4
hex_033_003,2023-01-29,48.089996337890625,3.685868978500366,4
hex_033_003,2023-01-30,38.839996337890625,2.8307249546051025,4
hex_033_003,2023-01-31,20.57499885559082,1.619510293006897,4
hex_033_004,2023-01-26,0.949999988079071,0.3081091642379761,4
hex_033_004,2023-01-27,11.050000190734863,0.88799649477005,4
hex_033_004,2023-01-28,34.994998931884766,4.3293561935424805,4
hex_033_004,2023-01-29,34.7349967956543,4.326040744781494,4
hex_033_004,2023-01-30,27.84499740600586,4.437408924102783,4
hex_033_004,2023-01-31,20.8799991607666,0.558294415473938,4
hex_033_005,2023-01-26,3.5350003242492676,0.5968879461288452,4
hex_033_005,2023-01-27,16.904998779296875,2.9994513988494873,4
hex_033_005,2023-01-28,29.1299991607666,1.9203933477401733,4
hex_033_005,2023-01-29,27.774999618530273,2.4028048515319824,4
hex_033_005,2023-01-30,17.850000381469727,2.981112480163574,4
hex_033_005,2023-01-31,17.755001068115234,1.4357185363769531,4
hex_033_006,2023-01-26,3.5350003242492676,1.0254086256027222,4
hex_033_006,2023-01-27,21.55000114440918,3.373835563659668,4
hex_033_006,2023-01-28,29.860000610351562,2.073147773742676,4
hex_033_006,2023-01-29,29.104999542236328,2.913313388824463,4
hex_033_006,2023-01-30,14.88000202178955,2.436602830886841,4
hex_033_006,2023-01-31,15.419999122619629,1.0144968032836914,4
hex_033_007,2023-01-26,1.274999976158142,0.2162897288799286,4
hex_033_007,2023-01-27,27.384994506835938,2.027226209640503,4
hex_033_007,2023-01-28,38.79999542236328,4.513956069946289,4
hex_033_007,2023-01-29,38.23999786376953,4.47048282623291,4
hex_033_007,2023-01-30,12.119999885559082,3.1435353755950928,4
hex_033_007,2023-01-31,12.660000801086426,0.7610397338867188,4
hex_033_008,2023-01-26,1.790000081062317,0.2900296747684479,4
hex_033_008,2023-01-27,27.384994506835938,3.9015491008758545,4
hex_033_008,2023-01-28,38.79999542236328,6.190674304962158,4
hex_033_008,2023-01-29,38.23999786376953,6.462676525115967,4
hex_033_008,2023-01-30,12.119999885559082,2.845710039138794,4
hex_033_008,2023-01-31,17.924997329711914,2.6577999591827393,4
hex_034_003,2023-01-26,0.38499999046325684,0.1475847214460373,4
hex_034_003,2023-01-27,12.174999237060547,2.497068166732788,4
hex_034_003,2023-01-28,47.249996185302734,8.699616432189941,4
hex_034_003,2023-01-29,48.089996337890625,8.991610527038574,4
hex_034_003,2023-01-30,38.839996337890625,6.8497490882873535,4
hex_034_003,2023-01-31,24.489999771118164,2.903986930847168,4
hex_034_004,2023-01-26,1.434999942779541,0.43750715255737305,4
hex_034_004,2023-01-27,9.254999160766602,1.1143776178359985,4
hex_034_004,2023-01-28,34.994998931884766,5.24489688873291,4
hex_034_004,2023-01-29,34.7349967956543,5.476468563079834,4
hex_034_004,2023-01-30,28.579999923706055,4.664644241333008,4
hex_034_004,2023-01-31,25.274999618530273,2.251345634460449,4
hex_034_005,2023-01-26,2.0999999046325684,0.4048900902271271,5
hex_034_005,2023-01-27,12.059998512268066,1.8701555728912354,5
hex_034_005,2023-01-28,27.464996337890625,3.39672589302063,5
hex_034_005,2023-01-29,26.979995727539062,3.4210920333862305,5
hex_034_005,2023-01-30,21.950000762939453,1.836387276649475,5
hex_034_005,2023-01-31,20.78499984741211,0.8525347709655762,5
hex_034_006,2023-01-26,2.2749998569488525,0.58588045835495,5
hex_034_006,2023-01-27,17.450000762939453,2.9540419578552246,5
hex_034_006,2023-01-28,32.394996643066406,2.9176270961761475,5
hex_034_006,2023-01-29,32.86499786376953,3.0361430644989014,5
hex_034_006,2023-01-30,21.974998474121094,4.084152698516846,5
hex_034_006,2023-01-31,19.3799991607666,1.920693039894104,5
hex_034_007,2023-01-26,0.9499999284744263,0.17330126464366913,6
hex_034_007,2023-01-27,22.494998931884766,4.764145374298096,6
hex_034_007,2023-01-28,28.540000915527344,4.082303047180176,6
hex_034_007,2023-01-29,28.260000228881836,3.5703659057617188,6
hex_034_007,2023-01-30,12.239998817443848,2.5783677101135254,6
hex_034_007,2023-01-31,18.464998245239258,2.3131301403045654,6
hex_034_008,2023-01-26,3.815000057220459,1.2784029245376587,5
hex_034_008,2023-01-27,24.810001373291016,4.504634380340576,5
hex_034_008,2023-01-28,29.215002059936523,4.953554153442383,5
hex_034_008,2023-01-29,28.270002365112305,4.610611438751221,5
hex_034_008,2023-01-30,5.565000057220459,0.4051099121570587,5
hex_034_008,2023-01-31,19.68500328063965,2.5057482719421387,5
hex_034_009,2023-01-26,4.12000036239624,1.3713186979293823,6
hex_034_009,2023-01-27,17.630002975463867,3.3336615562438965,6
hex_034_009,2023-01-28,21.83000373840332,4.106391906738281,6
hex_034_009,2023-01-29,21.615001678466797,3.5850670337677,6
hex_034_009,2023-01-30,8.59000015258789,1.6647182703018188,6
hex_034_009,2023-01-31,26.444997787475586,2.9882843494415283,6
hex_035_007,2023-01-26,3.815000057220459,1.3119516372680664,4
hex_035_007,2023-01-27,11.635001182556152,2.156412363052368,4
hex_035_007,2023-01-28,17.34000015258789,3.793987274169922,4
hex_035_007,2023-01-29,17.96000099182129,3.5487351417541504,4
hex_035_007,2023-01-30,7.2699995040893555,1.3544093370437622,4
hex_035_007,2023-01-31,19.024999618530273,0.40204766392707825,4
hex_035_008,2023-01-26,4.12000036239624,0.980506181716919,4
hex_035_008,2023-01-27,11.524999618530273,2.4410738945007324,4
hex_035_008,2023-01-28,15.3100004196167,3.513282537460327,4
hex_035_008,2023-01-29,15.605000495910645,3.2621994018554688,4
hex_035_008,2023-01-30,5.475000381469727,0.788852334022522,4
hex_035_008,2023-01-31,19.380001068115234,0.5844700932502747,4
