polygon,year,peak_anomaly,tier,payout_pct,thresholds
hex_002_028,2023,129.63,0,0.0,182.8;215.4;246.6
hex_002_029,2023,125.41,0,0.0,184.3;217.1;248.7
hex_003_027,2023,135.44,0,0.0,177.9;212.3;245.3
hex_004_024,2023,167.51,1,25.0,164.2;192.7;220.0
hex_004_025,2023,150.15,0,0.0,162.3;190.7;217.9
hex_004_026,2023,129.64,0,0.0,156.6;183.1;208.6
hex_005_022,2023,162.17,1,25.0,161.0;188.2;214.3
hex_005_023,2023,167.51,1,25.0,160.3;187.1;212.9
hex_005_024,2023,162.41,1,25.0,157.0;183.5;208.9
hex_005_025,2023,149.97,0,0.0,153.5;179.1;203.7
hex_006_022,2023,167.12,1,25.0,154.7;180.5;205.2
hex_006_024,2023,147.18,0,0.0,151.4;176.5;200.6
hex_006_025,2023,138.6,0,0.0,149.3;173.4;196.4
hex_007_020,2023,156.98,1,25.0,152.4;178.0;202.5
hex_007_021,2023,175.5,1,25.0,158.9;186.9;213.8
hex_007_022,2023,175.5,1,25.0,159.8;189.3;217.5
hex_007_023,2023,154.07,0,0.0,156.1;184.4;211.6
hex_007_024,2023,136.74,0,0.0,150.9;176.2;200.5
hex_007_025,2023,117.82,0,0.0,143.0;165.7;187.5
hex_008_019,2023,153.53,1,25.0,136.0;157.1;177.3
hex_008_020,2023,164.58,1,25.0,148.3;173.9;198.4
hex_008_021,2023,164.58,1,25.0,154.9;183.6;211.2
hex_008_022,2023,159.56,0,0.0,161.5;193.4;224.0
hex_008_023,2023,159.86,0,0.0,162.0;194.5;225.7
hex_008_024,2023,151.08,0,0.0,154.3;181.7;208.0
hex_008_025,2023,131.85,0,0.0,149.4;174.3;198.1
hex_009_017,2023,156.08,3,100.0,120.4;137.3;153.6
hex_009_018,2023,170.54,3,100.0,126.9;145.3;163.0
hex_009_019,2023,176.38,2,60.0,145.3;170.4;194.5
hex_009_020,2023,178.78,1,25.0,153.8;182.7;210.4
hex_009_021,2023,153.11,0,0.0,160.2;192.5;223.5
hex_009_022,2023,141.94,0,0.0,162.0;195.5;227.6
hex_009_023,2023,140.94,0,0.0,155.8;184.7;212.3
hex_010_000,2023,46.67,0,0.0,148.5;168.5;187.7
hex_010_016,2023,127.85,1,25.0,118.7;136.0;152.6
hex_010_018,2023,160.24,3,100.0,125.0;142.6;159.4
hex_010_019,2023,172.48,2,60.0,137.1;160.0;181.9
hex_010_020,2023,184.92,2,60.0,148.3;175.2;201.0
hex_010_021,2023,177.29,1,25.0,155.4;184.8;213.1
hex_010_022,2023,176.6,1,25.0,159.0;190.5;220.7
hex_010_023,2023,155.06,0,0.0,159.0;189.9;219.5
hex_011_014,2023,179.07,3,100.0,127.8;149.4;170.0
hex_011_015,2023,183.05,3,100.0,125.8;146.2;165.7
hex_011_017,2023,164.86,3,100.0,127.0;144.9;162.1
hex_011_018,2023,171.69,2,60.0,133.4;154.7;175.1
hex_011_019,2023,196.03,3,100.0,142.4;168.6;193.6
hex_011_021,2023,193.87,2,60.0,159.1;190.9;221.3
hex_011_022,2023,213.13,2,60.0,160.0;191.3;221.5
hex_012_000,2023,60.9,0,0.0,146.9;167.5;187.2
hex_012_013,2023,184.11,2,60.0,140.1;166.6;192.1
hex_012_014,2023,181.21,2,60.0,139.0;166.4;192.7
hex_012_015,2023,183.05,3,100.0,134.2;158.4;181.5
hex_012_016,2023,173.56,3,100.0,122.7;140.8;158.2
hex_012_017,2023,176.05,3,100.0,125.3;142.6;159.3
hex_012_018,2023,177.58,3,100.0,131.3;150.9;169.7
hex_013_000,2023,77.05,0,0.0,140.3;160.3;179.5
hex_013_001,2023,76.81,0,0.0,139.5;159.7;179.0
hex_013_002,2023,74.25,0,0.0,139.1;160.0;180.1
hex_013_003,2023,79.45,0,0.0,139.6;161.1;181.8
hex_013_005,2023,110.91,0,0.0,135.4;159.2;182.1
hex_013_010,2023,173.55,3,100.0,127.3;148.9;169.5
hex_013_011,2023,184.05,3,100.0,134.7;158.5;181.2
hex_013_013,2023,189.52,3,100.0,138.2;163.6;188.1
hex_013_014,2023,180.1,2,60.0,140.4;166.0;190.7
hex_013_016,2023,175.7,3,100.0,133.5;154.2;174.0
hex_013_017,2023,175.7,3,100.0,133.4;153.2;172.2
hex_014_000,2023,90.78,0,0.0,133.1;151.7;169.6
hex_014_001,2023,98.32,0,0.0,134.0;153.4;172.0
hex_014_002,2023,108.33,0,0.0,133.8;154.2;173.8
hex_014_003,2023,93.92,0,0.0,138.1;159.3;179.5
hex_014_004,2023,101.51,0,0.0,136.1;157.1;177.2
hex_014_005,2023,119.26,0,0.0,134.2;155.3;175.6
hex_014_007,2023,155.49,1,25.0,141.5;166.1;189.6
hex_014_008,2023,173.35,2,60.0,144.9;171.3;196.7
hex_014_009,2023,180.23,2,60.0,136.7;159.2;180.8
hex_014_010,2023,183.08,3,100.0,125.7;144.6;162.6
hex_014_011,2023,173.15,3,100.0,124.5;143.0;160.7
hex_014_012,2023,179.61,3,100.0,133.5;156.5;178.5
hex_014_013,2023,173.39,2,60.0,134.6;158.1;180.6
hex_015_000,2023,102.88,0,0.0,128.3;146.6;164.2
hex_015_001,2023,121.28,0,0.0,127.9;146.4;164.1
hex_015_002,2023,112.98,0,0.0,131.1;150.2;168.5
hex_015_003,2023,109.63,0,0.0,129.0;146.7;163.7
hex_015_004,2023,108.28,0,0.0,126.9;144.4;161.2
hex_015_005,2023,114.26,0,0.0,126.5;144.0;160.9
hex_015_006,2023,134.18,1,25.0,131.8;152.4;172.2
hex_015_007,2023,167.79,2,60.0,132.8;154.4;175.1
hex_015_008,2023,180.23,3,100.0,132.5;154.0;174.7
hex_015_009,2023,183.08,3,100.0,128.0;147.8;166.7
hex_015_010,2023,182.57,3,100.0,121.0;137.8;153.9
hex_015_011,2023,175.44,3,100.0,122.2;138.9;155.0
hex_015_012,2023,175.34,3,100.0,125.2;143.8;161.6
hex_015_013,2023,190.42,3,100.0,132.4;154.0;174.8
hex_016_000,2023,101.9,0,0.0,125.1;143.0;160.2
hex_016_001,2023,109.08,0,0.0,125.2;143.6;161.2
hex_016_002,2023,116.44,0,0.0,125.6;143.5;160.6
hex_016_003,2023,110.27,0,0.0,129.0;146.9;164.0
hex_016_004,2023,112.48,0,0.0,126.4;143.4;159.7
hex_016_005,2023,107.39,0,0.0,121.5;137.3;152.4
hex_016_006,2023,107.39,0,0.0,121.4;138.2;154.4
hex_016_007,2023,126.98,1,25.0,124.4;142.8;160.4
hex_016_008,2023,147.1,1,25.0,127.0;147.6;167.3
hex_016_009,2023,165.13,2,60.0,128.6;149.9;170.3
hex_016_010,2023,209.01,3,100.0,121.1;138.2;154.7
hex_016_011,2023,210.7,3,100.0,119.2;134.8;149.8
hex_016_012,2023,195.23,3,100.0,122.0;138.3;154.1
hex_016_013,2023,195.05,3,100.0,126.2;145.1;163.2
hex_017_000,2023,136.71,1,25.0,122.2;140.3;157.7
hex_017_001,2023,136.71,1,25.0,123.5;141.9;159.6
hex_017_002,2023,128.71,1,25.0,125.9;143.5;160.4
hex_017_003,2023,97.31,0,0.0,127.0;144.1;160.6
hex_017_004,2023,95.44,0,0.0,126.1;143.8;160.6
hex_017_005,2023,109.41,0,0.0,125.2;143.9;161.8
hex_017_006,2023,115.05,0,0.0,127.7;147.3;166.1
hex_017_007,2023,136.56,1,25.0,122.5;140.3;157.3
hex_017_008,2023,150.32,2,60.0,125.5;145.1;163.9
hex_017_009,2023,178.62,3,100.0,123.6;142.8;161.2
hex_017_010,2023,209.01,3,100.0,120.2;136.7;152.5
hex_017_018,2023,178.9,3,100.0,125.7;147.7;168.8
hex_018_000,2023,141.7,2,60.0,122.1;141.0;159.1
hex_018_001,2023,143.26,2,60.0,121.1;139.3;156.7
hex_018_002,2023,136.05,1,25.0,123.2;140.8;157.6
hex_018_003,2023,108.93,0,0.0,125.5;142.1;158.0
hex_018_004,2023,108.93,0,0.0,127.2;145.1;162.3
hex_018_005,2023,108.07,0,0.0,126.4;145.6;164.0
hex_018_006,2023,112.46,0,0.0,125.2;144.1;162.2
hex_018_007,2023,112.22,0,0.0,124.3;142.8;160.5
hex_018_008,2023,125.38,1,25.0,124.3;142.4;159.8
hex_018_009,2023,142.29,1,25.0,123.8;142.6;160.6
hex_018_010,2023,158.54,3,100.0,122.5;139.2;155.3
hex_018_011,2023,185.65,3,100.0,124.0;139.0;153.5
hex_018_012,2023,200.67,3,100.0,129.9;147.2;163.7
hex_018_013,2023,192.88,3,100.0,128.9;144.4;159.2
hex_018_014,2023,190.3,3,100.0,131.4;148.0;163.8
hex_018_015,2023,197.55,3,100.0,135.2;153.8;171.5
hex_019_000,2023,143.26,2,60.0,122.2;141.9;160.8
hex_019_001,2023,143.26,2,60.0,119.3;137.1;154.2
hex_019_002,2023,115.19,0,0.0,121.8;137.8;153.1
hex_019_003,2023,105.92,0,0.0,125.5;142.2;158.2
hex_019_004,2023,104.85,0,0.0,127.7;147.3;166.0
hex_019_005,2023,105.21,0,0.0,125.9;145.5;164.4
hex_019_006,2023,113.57,0,0.0,124.1;142.7;160.5
hex_019_007,2023,145.46,1,25.0,126.8;145.9;164.2
hex_019_008,2023,164.77,3,100.0,125.7;144.3;162.2
hex_019_009,2023,168.14,3,100.0,124.6;141.8;158.3
hex_019_010,2023,167.31,3,100.0,127.6;144.4;160.6
hex_019_011,2023,170.05,3,100.0,133.2;149.8;165.8
hex_019_012,2023,183.16,3,100.0,128.7;142.5;155.7
hex_019_013,2023,183.16,3,100.0,127.7;141.2;154.2
hex_019_014,2023,197.55,3,100.0,133.9;151.4;168.1
hex_020_000,2023,128.24,1,25.0,120.4;141.1;161.0
hex_020_001,2023,126.15,1,25.0,122.1;141.2;159.5
hex_020_002,2023,125.98,1,25.0,122.1;140.3;157.8
hex_020_003,2023,103.41,0,0.0,127.8;146.9;165.2
hex_020_004,2023,99.26,0,0.0,129.5;150.8;171.1
hex_020_005,2023,97.03,0,0.0,128.9;149.8;169.9
hex_020_006,2023,103.39,0,0.0,129.5;150.5;170.6
hex_020_007,2023,119.66,0,0.0,130.6;151.9;172.3
hex_020_008,2023,139.08,1,25.0,127.1;145.8;163.8
hex_020_009,2023,147.34,2,60.0,128.3;146.7;164.3
hex_020_010,2023,176.11,3,100.0,136.9;155.3;173.0
hex_020_011,2023,178.81,3,100.0,137.0;154.0;170.3
hex_020_012,2023,176.3,3,100.0,132.6;147.5;161.8
hex_021_000,2023,134.44,1,25.0,121.6;142.2;162.0
hex_021_001,2023,125.98,1,25.0,121.0;140.2;158.6
hex_021_002,2023,127.28,1,25.0,124.2;142.8;160.7
hex_021_003,2023,120.29,0,0.0,130.7;151.9;172.3
hex_021_004,2023,120.29,0,0.0,132.6;154.3;175.2
hex_021_005,2023,113.45,0,0.0,132.0;153.0;173.1
hex_021_006,2023,120.99,0,0.0,129.9;150.3;169.8
hex_021_007,2023,118.11,0,0.0,129.8;148.3;166.1
hex_022_000,2023,134.44,1,25.0,127.6;150.2;171.8
hex_022_001,2023,144.39,2,60.0,121.8;141.5;160.4
hex_022_002,2023,135.43,1,25.0,122.0;140.9;159.0
hex_022_003,2023,129.1,0,0.0,131.1;152.6;173.2
hex_022_004,2023,129.1,0,0.0,134.3;157.1;179.0
hex_022_005,2023,109.22,0,0.0,133.5;155.3;176.2
hex_022_006,2023,106.94,0,0.0,130.9;151.4;171.1
hex_022_007,2023,115.78,0,0.0,131.9;150.2;167.7
hex_022_008,2023,124.8,0,0.0,136.5;154.1;170.9
hex_023_000,2023,151.14,2,60.0,127.3;148.4;168.7
hex_023_001,2023,148.91,2,60.0,127.7;148.5;168.5
hex_023_002,2023,141.62,1,25.0,133.6;155.9;177.4
hex_023_003,2023,134.95,0,0.0,137.4;161.4;184.4
hex_023_004,2023,120.46,0,0.0,137.8;161.9;185.0
hex_023_005,2023,113.98,0,0.0,134.0;153.8;172.8
hex_023_006,2023,120.89,0,0.0,132.8;150.7;167.9
hex_023_007,2023,132.77,0,0.0,140.4;159.2;177.2
hex_024_000,2023,160.19,2,60.0,129.4;151.5;172.7
hex_024_001,2023,165.24,2,60.0,131.6;153.4;174.3
hex_024_002,2023,154.48,1,25.0,136.9;160.0;182.2
hex_024_003,2023,136.52,0,0.0,144.0;169.0;193.0
hex_024_004,2023,120.46,0,0.0,145.9;171.6;196.2
hex_024_005,2023,112.12,0,0.0,143.2;165.0;185.9
hex_024_006,2023,111.76,0,0.0,140.2;159.8;178.5
hex_024_007,2023,117.15,0,0.0,139.2;157.7;175.4
hex_025_000,2023,146.35,1,25.0,135.4;157.4;178.5
hex_025_001,2023,137.82,0,0.0,138.5;162.1;184.8
hex_025_002,2023,120.42,0,0.0,145.1;170.9;195.7
hex_025_003,2023,108.83,0,0.0,149.6;175.9;201.2
hex_025_004,2023,104.08,0,0.0,148.2;171.8;194.4
hex_025_005,2023,96.32,0,0.0,146.8;168.2;188.6
hex_025_006,2023,103.33,0,0.0,143.1;163.0;182.0
hex_026_000,2023,118.21,0,0.0,143.8;167.3;189.8
hex_026_001,2023,105.95,0,0.0,143.4;168.8;193.2
hex_026_002,2023,99.43,0,0.0,146.1;172.7;198.2
hex_026_003,2023,93.83,0,0.0,148.8;175.1;200.3
hex_026_004,2023,93.83,0,0.0,147.7;172.6;196.4
hex_026_005,2023,83.05,0,0.0,144.7;166.0;186.5
hex_026_006,2023,78.72,0,0.0,145.6;167.1;187.8
hex_027_000,2023,115.32,0,0.0,152.3;178.0;202.6
hex_027_001,2023,98.09,0,0.0,145.0;170.8;195.6
hex_027_002,2023,74.23,0,0.0,140.1;163.4;185.7
hex_027_003,2023,76.77,0,0.0,144.9;168.7;191.6
hex_027_004,2023,67.3,0,0.0,144.3;166.1;187.0
hex_027_005,2023,75.9,0,0.0,142.9;164.0;184.2
hex_028_000,2023,111.74,0,0.0,160.4;187.6;213.6
hex_028_001,2023,107.59,0,0.0,154.2;180.4;205.6
hex_028_002,2023,81.55,0,0.0,142.6;166.2;188.8
hex_028_003,2023,64.52,0,0.0,140.2;162.9;184.6
hex_028_004,2023,60.21,0,0.0,142.1;163.8;184.6
hex_028_005,2023,57.51,0,0.0,145.6;167.1;187.8
hex_028_006,2023,56.57,0,0.0,145.4;165.3;184.5
hex_029_000,2023,102.85,0,0.0,158.2;185.2;211.2
hex_029_001,2023,85.44,0,0.0,154.9;181.3;206.6
hex_029_002,2023,64.99,0,0.0,144.6;167.5;189.5
hex_029_003,2023,58.4,0,0.0,142.8;165.2;186.8
hex_029_004,2023,45.0,0,0.0,143.0;164.4;185.0
hex_029_005,2023,43.0,0,0.0,146.4;168.1;188.9
hex_029_006,2023,54.07,0,0.0,146.2;167.4;187.7
hex_030_000,2023,99.42,0,0.0,155.5;181.6;206.6
hex_030_001,2023,85.44,0,0.0,154.9;181.1;206.3
hex_030_002,2023,71.56,0,0.0,153.9;179.0;203.1
hex_030_003,2023,62.09,0,0.0,148.0;170.7;192.5
hex_030_004,2023,62.09,0,0.0,149.0;172.0;194.1
hex_030_005,2023,41.76,0,0.0,148.4;171.2;193.2
hex_030_006,2023,45.61,0,0.0,149.7;173.4;196.1
hex_030_007,2023,48.85,0,0.0,146.4;167.7;188.1
hex_031_000,2023,99.42,0,0.0,153.6;176.8;199.0
hex_031_001,2023,83.21,0,0.0,157.3;181.6;205.0
hex_031_002,2023,62.14,0,0.0,154.4;177.6;200.0
hex_031_003,2023,62.09,0,0.0,154.9;179.8;203.7
hex_031_004,2023,47.97,0,0.0,154.5;179.8;204.2
hex_031_005,2023,29.89,0,0.0,152.3;176.9;200.5
hex_031_006,2023,38.71,0,0.0,150.3;173.8;196.4
hex_031_007,2023,40.95,0,0.0,147.9;168.4;188.1
hex_032_002,2023,68.46,0,0.0,162.5;187.1;210.7
hex_032_003,2023,50.2,0,0.0,163.0;188.8;213.6
hex_032_004,2023,46.1,0,0.0,163.3;190.7;217.0
hex_032_005,2023,20.5,0,0.0,159.0;186.1;212.0
hex_032_006,2023,20.42,0,0.0,155.3;180.6;204.8
hex_032_007,2023,36.23,0,0.0,152.7;175.8;198.0
hex_032_008,2023,32.98,0,0.0,155.4;179.2;202.0
hex_033_002,2023,42.49,0,0.0,173.6;199.9;225.2
hex_033_003,2023,36.89,0,0.0,174.5;202.0;228.4
hex_033_004,2023,23.49,0,0.0,174.3;204.6;233.6
hex_033_005,2023,16.97,0,0.0,166.2;194.2;221.1
hex_033_006,2023,18.16,0,0.0,166.2;194.4;221.5
hex_033_007,2023,27.06,0,0.0,164.7;190.7;215.7
hex_033_008,2023,27.06,0,0.0,165.3;191.2;216.0
hex_034_003,2023,36.89,0,0.0,179.3;207.7;234.9
hex_034_004,2023,23.49,0,0.0,188.2;219.8;250.2
hex_034_005,2023,15.26,0,0.0,184.3;215.8;246.1
hex_034_006,2023,21.09,0,0.0,176.6;206.2;234.7
hex_034_007,2023,17.0,0,0.0,174.2;202.0;228.8
hex_034_008,2023,17.08,0,0.0,172.2;197.8;222.4
hex_034_009,2023,14.32,0,0.0,171.9;196.4;219.9
hex_035_007,2023,7.07,0,0.0,177.8;203.6;228.4
hex_035_008,2023,9.43,0,0.0,171.6;196.6;220.5
